No,Group,No1,No2,No3,No4,No5,No6
1,1,0,0,1,7,9,8
2,1,0,0,2,9,4,7
3,1,0,0,5,3,8,1
4,1,0,0,8,6,8,9
5,1,0,1,1,5,6,9
6,1,0,1,7,9,1,3
7,1,0,1,8,9,4,0
8,1,0,2,0,1,5,4
9,1,0,2,7,1,8,9
10,1,0,2,9,5,2,8
11,1,0,2,9,5,3,3
12,1,0,3,0,0,1,9
13,1,0,3,0,2,7,6
14,1,0,3,1,7,0,8
15,1,0,3,3,6,5,6
16,1,0,3,4,7,1,5
17,1,0,3,6,6,5,4
18,1,0,3,8,8,3,1
19,1,0,4,0,0,1,0
20,1,0,4,0,5,5,6
21,1,0,4,3,0,7,8
22,1,0,4,5,2,0,3
23,1,0,5,1,3,3,5
24,1,0,5,5,3,5,4
25,1,0,5,5,8,4,3
26,1,0,5,5,9,8,3
27,1,0,5,6,5,6,0
28,1,0,5,7,4,7,3
29,1,0,6,2,9,5,1
30,1,0,6,5,5,2,3
31,1,0,6,9,4,1,8
32,1,0,6,9,9,5,6
33,1,0,7,1,2,8,2
34,1,0,7,1,3,3,0
35,1,0,7,4,0,5,3
36,1,0,7,5,3,0,7
37,1,0,7,6,0,8,9
38,1,0,7,6,1,4,6
39,1,0,7,6,2,6,5
40,1,0,7,8,3,6,1
41,1,0,7,9,7,9,8
42,1,0,8,2,4,2,5
43,1,0,8,2,9,9,2
44,1,0,8,7,1,4,4
45,1,0,8,8,3,8,1
46,1,0,9,2,9,6,1
47,1,0,9,3,5,3,7
48,1,0,9,5,8,5,2
49,1,1,0,1,3,4,4
50,1,1,0,4,5,5,1
51,1,1,0,5,4,2,5
52,1,1,0,7,4,5,0
53,1,1,0,8,0,5,0
54,1,1,1,2,7,8,5
55,1,1,1,7,0,2,2
56,1,1,2,0,3,7,0
57,1,1,2,0,5,9,2
58,1,1,2,1,8,4,1
59,1,1,2,2,2,8,8
60,1,1,2,3,5,8,2
61,1,1,2,4,1,7,9
62,1,1,2,4,3,7,3
63,1,1,2,4,5,7,3
64,1,1,2,5,8,9,4
65,1,1,2,6,4,0,9
66,1,1,2,6,5,0,3
67,1,1,3,0,1,6,8
68,1,1,3,0,6,9,7
69,1,1,3,1,4,3,9
70,1,1,3,4,3,7,3
71,1,1,3,6,1,9,4
72,1,1,3,7,8,7,4
73,1,1,3,9,2,7,7
74,1,1,4,7,9,6,5
75,1,1,4,9,4,7,7
76,1,1,5,9,6,5,9
77,1,1,6,1,7,3,3
78,1,1,6,5,3,1,8
79,1,1,6,5,4,1,7
80,1,1,6,7,3,2,0
81,1,1,6,9,7,2,3
82,1,1,6,9,9,9,4
83,1,1,8,0,1,6,3
84,1,1,8,3,3,5,4
85,1,1,8,4,1,5,4
86,1,1,8,9,5,2,8
87,1,1,9,0,5,3,9
88,1,1,9,5,6,3,1
89,1,1,9,6,1,6,0
90,1,1,9,6,6,3,1
91,1,2,0,0,4,9,3
92,1,2,0,1,5,6,1
93,1,2,0,4,3,3,1
94,1,2,0,7,5,3,5
95,1,2,1,4,2,8,0
96,1,2,1,4,4,4,5
97,1,2,1,7,2,4,3
98,1,2,2,0,3,4,7
99,1,2,2,7,2,7,5
100,1,2,2,9,6,8,1
101,1,2,3,0,1,5,8
102,1,2,3,2,2,0,9
103,1,2,3,2,8,5,7
104,1,2,3,3,0,3,5
105,1,2,3,3,4,5,1
106,1,2,3,3,4,7,0
107,1,2,3,4,9,3,2
108,1,2,4,1,1,0,5
109,1,2,4,1,8,1,1
110,1,2,4,8,4,7,4
111,1,2,5,1,7,9,7
112,1,2,5,2,1,0,3
113,1,2,5,2,3,3,0
114,1,2,5,3,5,8,5
115,1,2,5,4,4,3,5
116,1,2,5,6,4,9,2
117,1,2,5,8,4,4,5
118,1,2,6,0,3,3,3
119,1,2,6,1,5,0,1
120,1,2,6,2,1,2,6
121,1,2,6,3,1,6,7
122,1,2,6,5,9,8,5
123,1,2,6,6,5,5,4
124,1,2,6,7,0,2,9
125,1,2,7,1,6,5,7
126,1,2,7,3,4,7,5
127,1,2,7,4,2,3,7
128,1,2,7,5,8,1,5
129,1,2,7,6,6,5,4
130,1,2,8,6,7,6,7
131,1,2,8,6,9,1,2
132,1,2,9,0,9,5,3
133,1,2,9,1,4,0,1
134,1,2,9,9,5,0,0
135,1,2,9,9,6,9,4
136,1,3,0,0,4,0,0
137,1,3,0,1,4,5,0
138,1,3,0,4,7,2,3
139,1,3,0,4,9,9,7
140,1,3,0,8,8,2,7
141,1,3,0,9,9,3,0
142,1,3,1,1,0,1,3
143,1,3,1,3,9,4,8
144,1,3,2,0,2,6,3
145,1,3,2,2,4,2,6
146,1,3,2,9,4,3,6
147,1,3,3,1,3,4,9
148,1,3,3,6,6,3,8
149,1,3,3,9,1,6,4
150,1,3,4,9,5,1,7
151,1,3,5,0,8,3,9
152,1,3,5,7,8,9,0
153,1,3,5,9,5,9,8
154,1,3,6,4,1,8,7
155,1,3,6,6,1,3,0
156,1,3,6,9,1,0,7
157,1,3,7,1,8,9,1
158,1,3,7,2,0,2,1
159,1,3,7,2,8,0,5
160,1,3,7,5,2,0,7
161,1,3,7,5,8,1,6
162,1,3,7,5,9,2,2
163,1,3,7,6,1,2,9
164,1,3,7,7,8,4,7
165,1,3,7,8,9,9,4
166,1,3,7,9,2,8,3
167,1,3,8,0,6,2,9
168,1,3,8,0,9,5,2
169,1,3,8,1,9,5,7
170,1,3,8,2,8,2,2
171,1,3,8,3,1,4,8
172,1,3,8,4,2,0,5
173,1,3,8,7,7,9,4
174,1,3,8,9,0,6,4
175,1,3,9,0,1,9,6
176,1,3,9,0,3,1,8
177,1,3,9,0,8,1,1
178,1,3,9,0,8,4,9
179,1,3,9,7,0,1,0
180,1,3,9,7,2,2,3
181,1,4,0,3,2,9,8
182,1,4,0,5,9,0,8
183,1,4,0,9,7,8,3
184,1,4,1,0,0,6,6
185,1,4,1,3,7,9,0
186,1,4,1,7,3,0,5
187,1,4,2,0,8,8,7
188,1,4,2,2,6,2,7
189,1,4,2,2,8,1,7
190,1,4,2,3,3,7,1
191,1,4,2,3,4,1,7
192,1,4,2,4,2,7,0
193,1,4,2,4,5,9,0
194,1,4,2,4,6,3,8
195,1,4,3,6,0,8,0
196,1,4,3,6,4,8,9
197,1,4,3,9,2,4,1
198,1,4,4,2,7,6,5
199,1,4,5,5,4,6,6
200,1,4,5,7,5,5,3
201,1,4,5,8,2,7,4
202,1,4,5,8,9,0,6
203,1,4,6,4,0,8,7
204,1,4,6,6,3,1,1
205,1,4,7,1,6,6,6
206,1,4,7,1,6,6,8
207,1,4,7,4,9,7,8
208,1,4,7,7,2,5,4
209,1,4,8,2,3,0,9
210,1,4,8,3,1,9,7
211,1,4,8,3,2,2,4
212,1,4,8,8,7,0,6
213,1,4,9,0,8,1,3
214,1,4,9,4,5,2,6
215,1,4,9,5,7,5,2
216,1,4,9,7,3,0,7
217,1,5,0,2,0,3,4
218,1,5,0,2,1,6,0
219,1,5,0,2,9,5,3
220,1,5,0,4,3,3,9
221,1,5,0,4,6,3,9
222,1,5,0,6,3,1,3
223,1,5,0,8,9,0,6
224,1,5,1,0,9,6,3
225,1,5,1,1,2,0,7
226,1,5,1,2,3,3,0
227,1,5,1,2,4,4,6
228,1,5,1,2,7,8,3
229,1,5,1,7,4,5,1
230,1,5,1,8,8,4,6
231,1,5,2,0,4,9,9
232,1,5,2,0,9,6,6
233,1,5,2,5,6,9,6
234,1,5,2,7,4,2,5
235,1,5,2,8,4,9,8
236,1,5,3,2,0,4,3
237,1,5,3,9,4,5,7
238,1,5,3,9,9,5,2
239,1,5,4,4,4,9,7
240,1,5,4,5,2,7,2
241,1,5,4,6,7,3,5
242,1,5,4,9,9,8,9
243,1,5,5,0,7,1,0
244,1,5,5,0,8,7,3
245,1,5,5,1,2,4,4
246,1,5,5,2,5,5,4
247,1,5,5,3,0,2,6
248,1,5,5,5,1,3,6
249,1,5,5,8,5,1,3
250,1,5,5,9,3,6,1
251,1,5,6,3,8,6,6
252,1,5,6,6,0,7,9
253,1,5,6,6,4,6,7
254,1,5,6,7,7,1,6
255,1,5,6,8,0,6,2
256,1,5,7,2,0,3,8
257,1,5,7,4,3,5,0
258,1,5,7,6,3,0,5
259,1,5,7,9,4,1,9
260,1,5,8,0,3,7,4
261,1,5,8,2,4,2,8
262,1,5,8,2,8,8,6
263,1,5,8,4,7,2,4
264,1,5,8,5,9,3,2
265,1,5,8,8,3,4,0
266,1,5,9,0,7,2,5
267,1,5,9,1,2,1,7
268,1,6,0,0,5,9,7
269,1,6,0,0,9,1,8
270,1,6,0,3,5,4,3
271,1,6,0,3,7,2,2
272,1,6,0,7,1,8,4
273,1,6,0,9,0,8,4
274,1,6,0,9,7,6,6
275,1,6,1,0,9,4,9
276,1,6,1,3,6,5,5
277,1,6,1,4,0,9,3
278,1,6,1,8,0,2,9
279,1,6,2,5,8,8,6
280,1,6,2,6,1,3,8
281,1,6,2,6,8,9,6
282,1,6,2,7,6,2,8
283,1,6,2,7,9,2,0
284,1,6,2,8,1,3,1
285,1,6,2,8,5,2,1
286,1,6,2,9,5,5,2
287,1,6,3,1,8,4,5
288,1,6,3,9,0,3,3
289,1,6,4,1,6,0,4
290,1,6,4,3,7,1,8
291,1,6,4,8,3,9,1
292,1,6,5,1,1,8,0
293,1,6,5,7,5,5,5
294,1,6,5,7,6,9,9
295,1,6,6,1,6,5,9
296,1,6,6,3,5,4,5
297,1,6,6,5,0,5,5
298,1,6,7,3,6,1,3
299,1,6,7,7,5,9,8
300,1,6,8,6,2,3,1
301,1,6,9,6,1,6,7
302,1,6,9,6,6,8,3
303,1,6,9,6,9,7,7
304,1,7,0,2,7,6,6
305,1,7,0,2,9,7,1
306,1,7,0,4,8,5,2
307,1,7,0,5,2,6,4
308,1,7,0,7,6,4,3
309,1,7,1,0,7,7,8
310,1,7,1,1,1,7,0
311,1,7,1,3,2,3,9
312,1,7,1,9,8,4,1
313,1,7,2,2,1,6,1
314,1,7,2,5,2,7,9
315,1,7,2,6,9,7,6
316,1,7,2,7,2,9,1
317,1,7,3,4,0,2,6
318,1,7,3,4,1,8,0
319,1,7,4,1,0,7,7
320,1,7,4,3,8,5,5
321,1,7,4,4,4,9,2
322,1,7,4,5,8,5,5
323,1,7,5,2,6,1,5
324,1,7,5,4,3,2,6
325,1,7,5,4,5,3,2
326,1,7,5,7,0,1,4
327,1,7,5,7,0,9,5
328,1,7,5,7,4,5,5
329,1,7,5,9,0,7,0
330,1,7,5,9,3,9,4
331,1,7,6,2,9,9,1
332,1,7,6,4,7,3,6
333,1,7,6,6,0,3,3
334,1,7,6,7,3,1,9
335,1,7,6,8,3,8,2
336,1,7,7,0,0,0,2
337,1,7,7,1,2,4,5
338,1,7,7,1,6,3,9
339,1,7,7,6,3,9,5
340,1,7,7,7,1,1,2
341,1,7,8,3,2,1,1
342,1,7,8,3,3,3,9
343,1,7,9,0,0,4,7
344,1,7,9,1,6,4,9
345,1,7,9,4,6,3,0
346,1,7,9,7,7,1,2
347,1,8,0,2,9,6,3
348,1,8,0,5,3,6,8
349,1,8,0,5,5,9,2
350,1,8,0,6,6,1,8
351,1,8,0,9,0,6,4
352,1,8,1,0,2,3,1
353,1,8,1,4,5,8,9
354,1,8,1,5,0,3,7
355,1,8,1,5,2,6,9
356,1,8,2,1,7,1,2
357,1,8,2,3,9,0,2
358,1,8,2,3,9,5,5
359,1,8,2,5,7,8,5
360,1,8,2,6,2,1,9
361,1,8,3,2,1,3,0
362,1,8,3,2,3,0,7
363,1,8,3,2,7,5,8
364,1,8,3,2,7,6,6
365,1,8,3,4,6,6,1
366,1,8,3,5,3,7,1
367,1,8,3,9,6,0,2
368,1,8,4,1,6,4,8
369,1,8,4,1,6,9,2
370,1,8,4,3,1,8,8
371,1,8,5,1,0,0,8
372,1,8,5,5,8,2,6
373,1,8,6,7,9,8,5
374,1,8,7,0,3,0,4
375,1,8,7,7,1,5,7
376,1,8,7,8,2,9,0
377,1,8,7,9,5,9,0
378,1,8,8,0,1,9,6
379,1,8,8,0,5,4,9
380,1,8,8,0,9,0,3
381,1,8,8,1,4,1,5
382,1,8,8,1,4,5,0
383,1,8,8,1,9,9,1
384,1,8,8,4,2,5,3
385,1,8,8,5,9,1,7
386,1,8,9,2,9,0,2
387,1,8,9,4,1,4,4
388,1,8,9,8,0,8,3
389,1,8,9,8,8,2,2
390,1,9,0,6,6,6,1
391,1,9,0,9,1,4,2
392,1,9,1,5,7,4,2
393,1,9,1,6,4,3,8
394,1,9,1,7,9,2,0
395,1,9,2,1,5,5,8
396,1,9,2,2,5,1,6
397,1,9,2,6,3,0,2
398,1,9,2,7,8,0,5
399,1,9,3,0,2,7,1
400,1,9,3,2,6,4,0
401,1,9,3,5,8,7,7
402,1,9,3,5,8,9,0
403,1,9,3,6,6,8,0
404,1,9,3,7,5,8,4
405,1,9,4,9,4,3,0
406,1,9,5,1,2,5,3
407,1,9,5,1,6,2,9
408,1,9,5,1,8,1,3
409,1,9,5,2,0,0,1
410,1,9,5,3,0,0,8
411,1,9,5,6,1,0,7
412,1,9,5,8,3,7,7
413,1,9,5,9,4,2,1
414,1,9,6,3,3,1,8
415,1,9,6,3,8,7,7
416,1,9,6,3,9,0,9
417,1,9,6,5,8,8,4
418,1,9,6,7,3,8,2
419,1,9,6,8,3,2,4
420,1,9,6,8,5,8,5
421,1,9,7,2,5,9,1
422,1,9,7,6,4,2,6
423,1,9,7,7,9,6,7
424,1,9,8,1,0,9,0
425,1,9,8,1,1,9,2
426,1,9,8,1,3,8,0
427,1,9,8,1,8,5,6
428,1,9,8,3,4,3,9
429,1,9,8,4,1,9,9
430,1,9,8,6,0,3,2
431,1,9,8,6,8,4,0
432,1,9,8,7,2,7,3
433,1,9,9,0,2,6,1
434,1,9,9,4,6,6,4
435,1,9,9,5,4,8,0
436,1,9,9,8,7,9,9
437,2,0,0,1,7,3,7
438,2,0,0,4,3,9,7
439,2,0,1,0,8,0,6
440,2,0,1,2,4,8,6
441,2,0,1,5,3,1,9
442,2,0,2,0,7,4,8
443,2,0,2,5,7,2,1
444,2,0,2,6,1,1,6
445,2,0,3,1,4,0,5
446,2,0,3,3,3,9,3
447,2,0,3,8,3,5,4
448,2,0,4,0,0,1,2
449,2,0,4,1,7,0,0
450,2,0,4,3,4,5,4
451,2,0,4,5,3,4,9
452,2,0,4,5,6,5,0
453,2,0,4,9,6,3,8
454,2,0,5,4,1,9,9
455,2,0,5,4,4,9,6
456,2,0,5,5,9,9,0
457,2,0,6,1,2,6,9
458,2,0,6,3,4,4,0
459,2,0,6,5,4,0,1
460,2,0,6,6,2,1,1
461,2,0,6,8,1,6,1
462,2,0,6,8,3,1,8
463,2,0,6,8,8,5,3
464,2,0,7,1,1,1,6
465,2,0,7,1,7,0,8
466,2,0,7,5,4,2,2
467,2,0,7,8,6,2,5
468,2,0,8,1,1,0,0
469,2,0,8,2,2,5,7
470,2,0,8,2,6,0,5
471,2,0,8,8,9,3,5
472,2,0,9,1,9,9,9
473,2,0,9,3,1,0,7
474,2,0,9,4,7,1,1
475,2,0,9,8,6,8,1
476,2,0,9,9,0,4,0
477,2,0,9,9,4,0,2
478,2,1,0,2,5,8,2
479,2,1,0,3,6,6,3
480,2,1,0,3,8,6,3
481,2,1,1,5,3,1,6
482,2,1,1,7,6,1,1
483,2,1,2,1,4,4,5
484,2,1,2,3,9,8,0
485,2,1,3,1,3,4,9
486,2,1,3,1,3,8,8
487,2,1,3,5,0,4,9
488,2,1,3,9,0,9,1
489,2,1,4,2,9,0,7
490,2,1,4,3,4,0,9
491,2,1,4,3,5,3,4
492,2,1,4,4,2,3,3
493,2,1,4,6,7,0,3
494,2,1,4,7,1,4,9
495,2,1,5,1,5,2,4
496,2,1,5,3,1,4,0
497,2,1,5,5,4,7,6
498,2,1,5,6,1,8,9
499,2,1,6,0,5,6,0
500,2,1,6,1,7,2,8
501,2,1,6,2,0,1,2
502,2,1,6,7,2,5,9
503,2,1,6,7,7,0,5
504,2,1,6,9,8,9,3
505,2,1,6,9,9,8,7
506,2,1,7,3,4,2,3
507,2,1,7,5,0,9,0
508,2,1,7,8,4,0,1
509,2,1,7,9,0,1,3
510,2,1,8,5,6,2,2
511,2,1,8,7,5,9,4
512,2,1,9,9,6,2,3
513,2,2,0,0,3,4,8
514,2,2,0,4,7,6,6
515,2,2,0,7,0,0,3
516,2,2,0,9,8,0,1
517,2,2,1,0,1,8,8
518,2,2,1,0,7,4,2
519,2,2,1,1,4,1,9
520,2,2,1,6,3,1,9
521,2,2,2,0,5,4,0
522,2,2,2,3,8,9,3
523,2,2,3,0,6,0,0
524,2,2,3,7,2,3,4
525,2,2,4,2,5,2,7
526,2,2,4,2,8,1,6
527,2,2,4,3,5,8,4
528,2,2,4,4,0,2,9
529,2,2,4,6,3,5,5
530,2,2,4,6,9,9,6
531,2,2,4,7,5,6,8
532,2,2,4,8,9,2,5
533,2,2,5,2,4,6,2
534,2,2,5,4,3,5,9
535,2,2,5,5,1,9,3
536,2,2,6,3,1,0,4
537,2,2,6,3,2,6,3
538,2,2,6,6,4,8,1
539,2,2,6,6,4,9,0
540,2,2,6,9,2,9,9
541,2,2,7,0,9,8,5
542,2,2,7,9,1,1,3
543,2,2,8,4,7,4,1
544,2,2,8,9,9,7,6
545,2,2,9,3,6,5,2
546,2,2,9,6,9,3,1
547,2,2,9,8,0,5,0
548,2,2,9,8,3,2,3
549,2,3,0,0,0,5,8
550,2,3,0,0,3,2,8
551,2,3,0,0,9,6,9
552,2,3,0,4,9,7,8
553,2,3,0,7,5,9,9
554,2,3,1,0,2,0,9
555,2,3,1,9,7,8,8
556,2,3,2,6,7,0,4
557,2,3,2,8,2,1,6
558,2,3,2,8,6,4,7
559,2,3,3,1,7,7,0
560,2,3,3,2,6,8,8
561,2,3,3,3,0,7,8
562,2,3,3,7,8,6,3
563,2,3,3,8,3,9,3
564,2,3,3,8,4,5,2
565,2,3,3,8,5,9,1
566,2,3,4,0,6,4,8
567,2,3,4,3,7,3,7
568,2,3,4,3,9,0,2
569,2,3,4,6,1,6,8
570,2,3,4,9,3,1,0
571,2,3,4,9,7,3,5
572,2,3,5,1,4,5,2
573,2,3,5,2,2,3,6
574,2,3,5,3,5,2,9
575,2,3,5,4,7,6,8
576,2,3,5,5,6,3,0
577,2,3,5,6,4,4,6
578,2,3,5,9,2,8,7
579,2,3,6,1,0,3,3
580,2,3,6,3,8,4,9
581,2,3,6,4,0,5,6
582,2,3,6,7,3,3,8
583,2,3,6,7,7,6,9
584,2,3,6,8,2,2,7
585,2,3,7,0,7,7,4
586,2,3,7,0,8,5,8
587,2,3,7,1,7,0,0
588,2,3,7,3,3,7,0
589,2,3,7,4,0,0,2
590,2,3,7,7,0,0,6
591,2,3,7,8,8,3,6
592,2,3,8,1,3,9,3
593,2,3,8,6,3,9,2
594,2,3,8,7,2,8,1
595,2,3,8,7,8,5,1
596,2,3,9,2,7,9,5
597,2,3,9,3,3,5,6
598,2,3,9,3,9,9,6
599,2,3,9,5,2,2,9
600,2,3,9,6,1,0,7
601,2,4,0,4,4,3,2
602,2,4,0,5,0,0,7
603,2,4,1,2,1,2,1
604,2,4,1,6,8,5,9
605,2,4,1,9,2,4,7
606,2,4,2,1,4,4,3
607,2,4,2,2,8,5,3
608,2,4,2,3,1,8,0
609,2,4,4,1,4,4,4
610,2,4,4,3,3,6,0
611,2,4,5,0,9,6,2
612,2,4,5,1,8,3,9
613,2,4,5,5,6,6,5
614,2,4,6,1,6,2,1
615,2,4,6,7,8,5,6
616,2,4,6,8,1,6,9
617,2,4,6,9,2,8,2
618,2,4,7,1,0,1,5
619,2,4,7,1,2,7,9
620,2,4,7,8,0,8,1
621,2,4,8,0,7,8,7
622,2,4,8,1,4,7,9
623,2,4,8,4,3,4,6
624,2,4,8,7,7,6,7
625,2,4,9,0,8,5,6
626,2,4,9,5,3,8,5
627,2,4,9,6,9,6,2
628,2,4,9,9,1,2,7
629,2,5,0,0,2,8,8
630,2,5,0,3,8,7,1
631,2,5,0,6,5,0,9
632,2,5,0,7,2,1,9
633,2,5,1,4,5,1,4
634,2,5,2,6,2,0,5
635,2,5,2,9,3,9,9
636,2,5,3,2,5,4,1
637,2,5,3,7,4,5,4
638,2,5,3,9,7,0,7
639,2,5,4,2,2,3,7
640,2,5,4,3,2,9,5
641,2,5,4,4,1,2,7
642,2,5,4,7,9,4,6
643,2,5,4,8,1,6,1
644,2,5,5,3,0,6,7
645,2,5,5,6,3,0,0
646,2,5,6,0,2,0,0
647,2,5,6,3,4,7,5
648,2,5,6,4,2,4,9
649,2,5,6,4,8,8,7
650,2,5,7,7,3,7,4
651,2,5,8,1,6,6,8
652,2,5,8,3,8,9,7
653,2,5,8,5,2,3,6
654,2,5,8,8,1,9,2
655,2,5,8,8,2,1,2
656,2,5,8,8,4,1,6
657,2,5,8,9,5,3,7
658,2,5,9,8,5,2,5
659,2,6,0,1,3,5,1
660,2,6,0,2,9,0,9
661,2,6,0,7,7,6,2
662,2,6,1,5,9,8,3
663,2,6,2,9,4,3,0
664,2,6,2,9,8,3,6
665,2,6,3,1,5,0,2
666,2,6,3,3,1,6,0
667,2,6,3,8,3,4,2
668,2,6,4,0,0,5,7
669,2,6,4,3,2,0,5
670,2,6,4,4,3,2,5
671,2,6,4,7,4,3,5
672,2,6,4,9,4,8,6
673,2,6,4,9,7,4,4
674,2,6,5,1,3,8,9
675,2,6,5,1,4,3,8
676,2,6,5,2,8,9,2
677,2,6,6,2,6,1,3
678,2,6,6,3,3,6,7
679,2,6,6,6,1,8,6
680,2,6,6,7,3,5,1
681,2,6,6,9,1,1,2
682,2,6,7,0,9,8,8
683,2,6,7,2,1,3,4
684,2,6,7,3,5,4,0
685,2,6,8,3,9,6,6
686,2,6,8,7,7,7,8
687,2,6,9,7,8,2,3
688,2,7,0,3,7,9,1
689,2,7,0,4,7,4,3
690,2,7,0,5,8,2,8
691,2,7,0,8,2,8,8
692,2,7,1,6,3,1,7
693,2,7,1,7,0,6,8
694,2,7,1,7,4,5,1
695,2,7,1,8,3,1,1
696,2,7,2,0,3,5,8
697,2,7,2,4,3,8,3
698,2,7,2,4,6,0,4
699,2,7,2,7,6,2,7
700,2,7,3,0,5,2,1
701,2,7,3,4,5,0,8
702,2,7,3,7,4,9,8
703,2,7,3,8,2,7,9
704,2,7,3,9,8,5,6
705,2,7,4,0,2,5,5
706,2,7,4,0,2,7,3
707,2,7,4,0,3,8,6
708,2,7,4,1,1,4,5
709,2,7,4,3,2,2,0
710,2,7,4,4,9,4,5
711,2,7,4,5,8,3,9
712,2,7,4,6,0,9,0
713,2,7,4,6,6,0,8
714,2,7,4,8,2,7,8
715,2,7,4,9,6,5,0
716,2,7,4,9,6,5,6
717,2,7,5,7,1,6,8
718,2,7,5,8,4,6,9
719,2,7,5,9,4,3,9
720,2,7,6,0,2,6,9
721,2,7,6,1,3,2,0
722,2,7,6,1,8,5,3
723,2,7,6,4,3,5,1
724,2,7,6,4,5,0,1
725,2,7,6,4,5,2,0
726,2,7,6,6,1,1,5
727,2,7,6,7,7,1,7
728,2,7,7,2,1,2,8
729,2,7,7,4,9,2,4
730,2,7,8,0,0,9,9
731,2,7,8,3,2,4,4
732,2,7,8,5,4,9,7
733,2,7,8,5,5,8,6
734,2,7,8,5,6,1,4
735,2,7,9,1,4,4,0
736,2,7,9,1,6,7,7
737,2,7,9,4,6,4,2
738,2,7,9,7,9,2,0
739,2,7,9,8,1,1,7
740,2,7,9,9,5,3,0
741,2,8,0,0,2,3,5
742,2,8,0,2,2,5,9
743,2,8,0,9,2,6,0
744,2,8,1,2,3,8,4
745,2,8,1,6,8,4,8
746,2,8,1,8,4,6,5
747,2,8,1,8,6,8,0
748,2,8,1,8,9,5,1
749,2,8,1,9,4,7,2
750,2,8,1,9,7,6,0
751,2,8,2,2,3,1,7
752,2,8,2,4,1,6,0
753,2,8,2,9,7,0,5
754,2,8,3,3,9,9,5
755,2,8,3,6,7,3,2
756,2,8,3,7,0,2,2
757,2,8,3,7,0,3,1
758,2,8,3,7,5,9,9
759,2,8,4,6,7,7,0
760,2,8,5,0,4,0,4
761,2,8,5,3,1,5,3
762,2,8,5,3,2,3,0
763,2,8,5,7,5,2,2
764,2,8,5,9,4,4,0
765,2,8,6,1,8,8,8
766,2,8,7,2,0,1,3
767,2,8,7,8,3,8,1
768,2,8,7,9,7,4,4
769,2,8,7,9,7,9,1
770,2,8,8,1,6,5,0
771,2,8,8,4,4,5,8
772,2,8,8,5,0,5,9
773,2,8,8,5,8,4,1
774,2,8,8,8,3,1,7
775,2,8,9,7,7,2,1
776,2,9,0,2,9,7,9
777,2,9,0,4,7,7,9
778,2,9,1,5,4,5,1
779,2,9,1,6,1,5,6
780,2,9,1,6,3,9,3
781,2,9,1,6,4,2,6
782,2,9,2,0,3,1,8
783,2,9,2,0,3,8,5
784,2,9,2,2,4,8,7
785,2,9,2,5,5,8,2
786,2,9,2,7,6,8,1
787,2,9,2,9,0,0,0
788,2,9,3,2,5,4,1
789,2,9,3,4,9,4,4
790,2,9,3,5,6,6,4
791,2,9,3,5,9,9,4
792,2,9,3,9,5,0,4
793,2,9,4,0,8,0,2
794,2,9,4,1,1,6,0
795,2,9,5,0,3,8,4
796,2,9,5,1,3,0,7
797,2,9,5,3,5,0,2
798,2,9,5,9,3,5,8
799,2,9,6,2,3,2,0
800,2,9,7,0,7,8,3
801,2,9,7,5,4,9,2
802,2,9,7,9,4,0,2
803,2,9,8,1,4,7,3
804,2,9,8,3,9,4,1
805,2,9,8,4,0,0,3
806,2,9,8,5,0,8,2
807,2,9,8,6,2,9,2
808,2,9,8,7,5,2,3
809,2,9,8,8,4,6,9
810,2,9,8,9,0,9,1
811,2,9,8,9,5,6,6
812,2,9,8,9,8,8,3
813,2,9,9,3,1,9,0
814,2,9,9,5,3,2,4
815,3,0,0,4,0,3,0
816,3,0,0,4,3,3,1
817,3,0,0,5,2,0,0
818,3,0,0,6,3,5,5
819,3,0,1,5,9,8,6
820,3,0,1,8,2,1,0
821,3,0,2,1,1,6,8
822,3,0,2,1,8,1,2
823,3,0,2,3,3,6,6
824,3,0,2,3,5,8,4
825,3,0,2,7,3,7,1
826,3,0,2,7,9,8,8
827,3,0,3,5,1,1,0
828,3,0,3,8,0,0,9
829,3,0,3,9,2,0,7
830,3,0,4,0,5,0,8
831,3,0,4,1,8,0,9
832,3,0,4,3,5,1,0
833,3,0,4,5,5,3,9
834,3,0,4,8,3,7,2
835,3,0,5,1,9,4,9
836,3,0,5,3,5,3,8
837,3,0,5,7,6,0,4
838,3,0,5,9,1,4,9
839,3,0,6,0,9,6,6
840,3,0,6,1,8,2,0
841,3,0,6,8,6,2,5
842,3,0,6,9,6,3,4
843,3,0,7,4,6,3,7
844,3,0,7,8,4,1,6
845,3,0,7,8,7,5,3
846,3,0,7,9,2,6,6
847,3,0,7,9,7,3,8
848,3,0,7,9,7,4,1
849,3,0,8,2,3,1,7
850,3,0,8,2,8,1,2
851,3,0,8,3,2,4,5
852,3,0,8,4,6,3,2
853,3,0,8,4,9,3,5
854,3,0,8,7,4,6,0
855,3,0,8,9,6,9,5
856,3,0,9,3,9,4,6
857,3,0,9,5,8,2,9
858,3,0,9,7,6,8,4
859,3,0,9,7,8,6,3
860,3,0,9,8,1,4,0
861,3,1,0,3,0,7,2
862,3,1,0,3,1,7,4
863,3,1,0,8,3,5,7
864,3,1,0,9,2,9,6
865,3,1,1,5,5,6,8
866,3,1,1,9,3,9,8
867,3,1,2,3,6,8,6
868,3,1,2,4,8,6,8
869,3,1,2,5,3,8,7
870,3,1,2,8,3,3,8
871,3,1,3,1,2,2,3
872,3,1,3,2,2,3,1
873,3,1,3,2,7,6,2
874,3,1,3,3,8,5,8
875,3,1,3,4,4,5,6
876,3,1,3,4,6,0,2
877,3,1,3,5,5,0,0
878,3,1,3,7,9,3,6
879,3,1,4,0,2,7,0
880,3,1,4,2,2,3,6
881,3,1,4,5,1,0,4
882,3,1,4,6,9,2,4
883,3,1,5,4,9,8,4
884,3,1,5,9,2,0,6
885,3,1,5,9,8,0,5
886,3,1,6,4,0,0,4
887,3,1,6,5,1,8,7
888,3,1,6,8,4,8,9
889,3,1,7,0,5,6,1
890,3,1,7,4,8,0,8
891,3,1,7,7,8,1,0
892,3,1,7,8,4,8,6
893,3,1,7,8,9,7,1
894,3,1,8,4,4,3,3
895,3,1,8,7,1,4,6
896,3,1,8,8,6,5,8
897,3,1,8,9,8,4,9
898,3,1,8,9,9,8,2
899,3,1,9,4,9,0,7
900,3,1,9,6,2,4,1
901,3,1,9,8,7,6,1
902,3,1,9,9,9,1,2
903,3,2,0,0,2,9,1
904,3,2,0,3,3,8,5
905,3,2,0,5,5,3,7
906,3,2,0,9,2,2,3
907,3,2,1,0,4,7,3
908,3,2,1,1,6,6,4
909,3,2,1,6,2,9,5
910,3,2,1,7,2,3,4
911,3,2,1,7,6,9,7
912,3,2,1,8,7,6,3
913,3,2,2,4,3,6,5
914,3,2,2,4,7,2,5
915,3,2,3,1,1,6,9
916,3,2,3,2,9,0,1
917,3,2,3,7,7,0,4
918,3,2,3,8,1,7,6
919,3,2,4,2,0,9,5
920,3,2,4,5,1,8,5
921,3,2,4,5,7,3,6
922,3,2,4,6,6,9,8
923,3,2,5,0,0,5,2
924,3,2,5,2,1,1,7
925,3,2,5,8,6,6,4
926,3,2,6,5,7,6,8
927,3,2,6,6,5,6,0
928,3,2,7,5,6,8,3
929,3,2,7,6,7,2,8
930,3,2,8,5,6,3,7
931,3,2,8,7,1,2,3
932,3,2,8,8,8,9,4
933,3,2,9,0,1,4,0
934,3,2,9,0,3,8,7
935,3,2,9,2,1,6,7
936,3,2,9,5,3,9,5
937,3,2,9,8,9,8,4
938,3,3,0,3,7,6,9
939,3,3,0,4,9,0,1
940,3,3,0,5,2,4,3
941,3,3,1,4,2,7,5
942,3,3,1,6,3,9,4
943,3,3,2,1,8,1,1
944,3,3,2,3,6,8,0
945,3,3,2,3,7,7,1
946,3,3,2,3,8,1,1
947,3,3,2,7,7,2,6
948,3,3,3,0,8,9,4
949,3,3,3,1,3,6,6
950,3,3,3,2,7,0,4
951,3,3,3,5,4,3,1
952,3,3,3,7,2,5,0
953,3,3,3,8,0,9,9
954,3,3,4,0,9,0,7
955,3,3,4,2,8,8,6
956,3,3,4,4,0,4,6
957,3,3,4,5,5,1,2
958,3,3,4,6,9,3,4
959,3,3,4,7,1,7,7
960,3,3,4,7,9,3,7
961,3,3,4,8,8,7,9
962,3,3,5,1,4,2,5
963,3,3,5,1,5,6,0
964,3,3,5,3,4,9,7
965,3,3,5,5,8,9,0
966,3,3,6,0,0,7,0
967,3,3,6,6,7,2,2
968,3,3,6,9,1,5,7
969,3,3,6,9,7,1,6
970,3,3,7,1,4,5,8
971,3,3,7,2,2,0,5
972,3,3,7,2,3,7,0
973,3,3,7,2,7,6,7
974,3,3,7,3,8,8,5
975,3,3,8,1,6,9,3
976,3,3,9,1,8,6,9
977,3,3,9,2,7,9,5
978,3,3,9,8,2,3,6
979,3,3,9,8,7,6,9
980,3,3,9,9,2,4,6
981,3,4,0,0,4,7,1
982,3,4,0,0,8,7,9
983,3,4,0,2,9,6,9
984,3,4,1,3,2,5,3
985,3,4,2,4,1,1,4
986,3,4,3,3,1,3,1
987,3,4,3,9,2,0,4
988,3,4,4,0,6,2,5
989,3,4,4,8,5,6,3
990,3,4,4,9,8,7,4
991,3,4,5,1,1,2,0
992,3,4,5,1,4,8,3
993,3,4,5,5,4,6,1
994,3,4,5,7,3,8,1
995,3,4,5,8,5,4,9
996,3,4,6,2,9,5,6
997,3,4,7,1,7,3,1
998,3,4,7,4,0,2,8
999,3,4,7,4,5,6,2
1000,3,4,7,7,8,2,1
1001,3,4,7,8,8,1,2
1002,3,4,7,9,2,6,4
1003,3,4,8,5,3,4,7
1004,3,4,8,9,4,7,7
1005,3,4,9,1,5,7,2
1006,3,4,9,4,0,0,7
1007,3,4,9,9,1,8,4
1008,3,5,0,0,0,7,3
1009,3,5,0,0,1,1,5
1010,3,5,0,3,0,9,4
1011,3,5,0,6,4,2,8
1012,3,5,1,0,6,3,7
1013,3,5,1,0,7,0,5
1014,3,5,1,5,1,7,6
1015,3,5,1,6,6,6,2
1016,3,5,1,7,0,2,4
1017,3,5,1,7,3,2,2
1018,3,5,2,8,3,3,3
1019,3,5,3,0,2,7,8
1020,3,5,3,5,5,2,5
1021,3,5,3,6,8,3,9
1022,3,5,3,8,5,3,3
1023,3,5,4,1,1,4,8
1024,3,5,4,3,9,9,6
1025,3,5,4,8,3,6,1
1026,3,5,5,7,5,5,0
1027,3,5,6,1,8,6,4
1028,3,5,6,2,1,3,7
1029,3,5,6,3,1,9,2
1030,3,5,6,4,0,8,2
1031,3,5,6,7,2,0,6
1032,3,5,6,9,5,8,6
1033,3,5,7,0,7,3,9
1034,3,5,8,2,9,4,0
1035,3,5,8,3,9,3,9
1036,3,5,8,5,7,5,8
1037,3,5,8,6,6,9,8
1038,3,5,9,0,5,9,9
1039,3,5,9,6,1,2,1
1040,3,6,0,1,3,7,5
1041,3,6,0,2,3,0,0
1042,3,6,0,3,6,6,2
1043,3,6,0,8,3,9,3
1044,3,6,0,9,6,4,2
1045,3,6,1,1,8,1,2
1046,3,6,1,2,5,2,8
1047,3,6,1,7,8,5,4
1048,3,6,2,4,3,9,1
1049,3,6,2,7,4,1,5
1050,3,6,2,8,1,4,4
1051,3,6,3,3,1,0,9
1052,3,6,3,3,5,8,4
1053,3,6,3,4,0,0,0
1054,3,6,3,4,8,8,4
1055,3,6,3,5,1,8,4
1056,3,6,3,5,4,3,3
1057,3,6,4,0,0,1,7
1058,3,6,4,0,1,1,9
1059,3,6,4,3,3,8,8
1060,3,6,4,7,6,1,3
1061,3,6,5,1,8,9,5
1062,3,6,5,6,6,5,1
1063,3,6,5,9,8,8,3
1064,3,6,6,0,0,6,5
1065,3,6,6,3,6,3,3
1066,3,6,7,5,6,2,7
1067,3,6,7,9,7,4,9
1068,3,6,7,9,9,2,1
1069,3,6,8,0,5,3,2
1070,3,6,8,4,6,9,7
1071,3,6,8,4,7,5,6
1072,3,6,8,7,9,2,6
1073,3,6,9,2,2,5,8
1074,3,6,9,4,2,5,7
1075,3,6,9,7,2,3,2
1076,3,6,9,9,9,8,1
1077,3,7,0,0,4,9,6
1078,3,7,0,0,8,7,9
1079,3,7,0,1,6,5,9
1080,3,7,0,7,9,7,5
1081,3,7,1,0,4,9,3
1082,3,7,1,2,8,4,9
1083,3,7,1,4,4,5,7
1084,3,7,1,5,5,8,9
1085,3,7,1,5,7,0,8
1086,3,7,1,8,8,1,3
1087,3,7,2,0,9,2,3
1088,3,7,2,3,7,8,4
1089,3,7,2,4,8,1,3
1090,3,7,2,6,3,1,6
1091,3,7,2,6,9,3,1
1092,3,7,2,7,6,0,4
1093,3,7,2,7,6,9,4
1094,3,7,2,9,4,1,4
1095,3,7,2,9,6,7,4
1096,3,7,3,0,5,5,2
1097,3,7,3,3,8,3,1
1098,3,7,3,8,5,5,0
1099,3,7,4,5,0,5,6
1100,3,7,4,6,7,0,7
1101,3,7,4,7,7,4,8
1102,3,7,5,1,5,6,4
1103,3,7,5,2,2,9,5
1104,3,7,5,2,7,8,2
1105,3,7,5,5,0,5,0
1106,3,7,5,8,2,7,3
1107,3,7,5,9,4,3,2
1108,3,7,6,2,5,6,1
1109,3,7,6,6,7,8,0
1110,3,7,6,8,1,1,7
1111,3,7,7,0,5,9,9
1112,3,7,7,2,1,9,4
1113,3,7,7,6,8,8,4
1114,3,7,8,0,8,9,8
1115,3,7,8,1,1,5,3
1116,3,7,8,3,4,4,3
1117,3,7,8,6,0,0,9
1118,3,7,9,1,2,5,6
1119,3,7,9,2,5,2,8
1120,3,7,9,4,4,4,6
1121,3,7,9,5,3,7,8
1122,3,7,9,6,0,4,0
1123,3,8,0,3,4,9,8
1124,3,8,0,4,1,7,9
1125,3,8,0,9,8,0,6
1126,3,8,1,2,2,7,8
1127,3,8,1,3,3,3,4
1128,3,8,1,3,6,8,1
1129,3,8,1,3,7,2,6
1130,3,8,1,4,5,7,4
1131,3,8,1,7,0,1,3
1132,3,8,2,2,5,0,1
1133,3,8,3,1,4,6,7
1134,3,8,3,9,6,7,5
1135,3,8,4,0,0,9,2
1136,3,8,4,0,3,4,4
1137,3,8,4,7,2,8,6
1138,3,8,5,0,2,8,4
1139,3,8,5,5,8,4,3
1140,3,8,6,0,4,7,6
1141,3,8,6,5,4,8,6
1142,3,8,6,7,1,2,0
1143,3,8,7,0,0,8,9
1144,3,8,7,3,2,2,1
1145,3,8,7,8,4,6,4
1146,3,8,7,9,9,2,8
1147,3,8,8,7,7,8,9
1148,3,8,8,8,0,9,7
1149,3,8,9,0,6,4,1
1150,3,8,9,5,0,4,6
1151,3,8,9,6,2,3,2
1152,3,8,9,6,3,0,1
1153,3,8,9,6,3,1,3
1154,3,8,9,7,7,2,7
1155,3,8,9,8,3,3,9
1156,3,9,0,3,3,3,0
1157,3,9,0,6,8,0,0
1158,3,9,0,9,8,1,9
1159,3,9,1,1,3,9,6
1160,3,9,1,3,4,8,7
1161,3,9,1,5,3,9,2
1162,3,9,1,5,4,5,6
1163,3,9,1,9,4,9,6
1164,3,9,1,9,6,6,6
1165,3,9,2,2,0,4,9
1166,3,9,2,2,6,9,9
1167,3,9,2,6,0,5,3
1168,3,9,2,8,8,1,4
1169,3,9,3,2,2,1,0
1170,3,9,3,9,0,8,9
1171,3,9,3,9,9,1,4
1172,3,9,4,5,5,5,7
1173,3,9,5,5,8,2,0
1174,3,9,5,6,5,2,7
1175,3,9,5,7,0,5,6
1176,3,9,6,4,9,3,7
1177,3,9,6,7,6,5,2
1178,3,9,6,9,0,8,7
1179,3,9,7,7,2,0,0
1180,3,9,7,7,9,8,6
1181,3,9,7,9,1,5,4
1182,3,9,8,1,2,0,2
1183,3,9,8,4,7,1,5
1184,3,9,8,5,6,6,3
1185,3,9,8,6,0,2,1
1186,3,9,8,6,2,2,1
1187,3,9,8,8,1,4,3
1188,3,9,9,4,0,5,9
1189,3,9,9,7,0,8,7
1190,4,0,0,0,6,1,0
1191,4,0,0,1,4,5,7
1192,4,0,0,1,8,3,4
1193,4,0,0,3,9,8,9
1194,4,0,0,4,6,4,1
1195,4,0,0,7,7,4,3
1196,4,0,1,0,5,8,9
1197,4,0,1,1,8,3,7
1198,4,0,1,2,4,3,2
1199,4,0,1,8,1,2,8
1200,4,0,1,9,3,7,0
1201,4,0,2,1,1,3,7
1202,4,0,2,2,1,9,6
1203,4,0,2,9,2,4,8
1204,4,0,2,9,7,7,5
1205,4,0,3,1,3,3,5
1206,4,0,4,1,2,2,1
1207,4,0,4,7,6,6,8
1208,4,0,4,7,8,4,2
1209,4,0,4,9,3,6,8
1210,4,0,5,0,6,9,4
1211,4,0,5,4,9,7,8
1212,4,0,5,8,1,5,0
1213,4,0,6,1,3,8,8
1214,4,0,6,4,2,7,1
1215,4,0,6,5,2,9,6
1216,4,0,6,7,5,1,4
1217,4,0,6,7,6,8,8
1218,4,0,7,0,6,3,7
1219,4,0,7,2,1,6,0
1220,4,0,7,8,9,2,8
1221,4,0,8,4,1,5,8
1222,4,0,8,5,1,3,6
1223,4,0,8,5,5,9,9
1224,4,0,8,7,2,0,2
1225,4,0,8,8,1,0,4
1226,4,0,9,1,0,4,2
1227,4,0,9,3,0,7,4
1228,4,0,9,4,3,0,9
1229,4,0,9,6,9,0,6
1230,4,1,0,0,0,1,6
1231,4,1,0,0,0,4,6
1232,4,1,0,0,5,1,1
1233,4,1,0,0,8,5,2
1234,4,1,0,7,1,1,7
1235,4,1,0,7,7,2,4
1236,4,1,0,8,1,0,6
1237,4,1,2,1,4,1,6
1238,4,1,2,5,9,5,7
1239,4,1,2,7,4,1,3
1240,4,1,2,7,5,8,9
1241,4,1,3,0,2,2,7
1242,4,1,3,1,8,9,6
1243,4,1,3,5,5,4,7
1244,4,1,3,6,9,6,3
1245,4,1,4,1,6,6,7
1246,4,1,4,5,0,0,6
1247,4,1,4,8,6,4,4
1248,4,1,5,0,5,6,9
1249,4,1,5,0,9,6,1
1250,4,1,5,5,4,6,2
1251,4,1,6,1,8,4,6
1252,4,1,6,3,1,6,7
1253,4,1,6,3,7,4,0
1254,4,1,7,0,3,1,4
1255,4,1,7,0,8,2,1
1256,4,1,8,0,8,2,2
1257,4,1,8,3,1,7,8
1258,4,1,8,5,0,2,3
1259,4,1,8,6,4,3,3
1260,4,1,9,5,1,8,7
1261,4,2,0,3,3,5,3
1262,4,2,0,7,3,2,9
1263,4,2,1,0,4,2,5
1264,4,2,1,5,5,6,1
1265,4,2,1,6,4,7,5
1266,4,2,1,7,1,6,1
1267,4,2,1,8,7,0,0
1268,4,2,2,3,4,8,4
1269,4,2,2,3,5,0,1
1270,4,2,2,3,6,1,4
1271,4,2,2,6,3,2,9
1272,4,2,2,8,9,0,5
1273,4,2,2,9,1,5,8
1274,4,2,3,1,8,2,0
1275,4,2,3,5,1,3,7
1276,4,2,3,7,5,8,7
1277,4,2,3,8,5,6,9
1278,4,2,3,8,8,2,1
1279,4,2,4,0,0,8,9
1280,4,2,4,4,7,0,8
1281,4,2,4,5,1,7,4
1282,4,2,4,9,5,9,5
1283,4,2,5,1,1,9,2
1284,4,2,5,2,1,2,6
1285,4,2,5,4,4,9,0
1286,4,2,5,7,6,1,5
1287,4,2,5,9,2,6,2
1288,4,2,6,0,3,5,1
1289,4,2,6,4,2,7,6
1290,4,2,7,3,0,9,8
1291,4,2,7,7,5,1,7
1292,4,2,8,0,5,9,4
1293,4,2,8,2,4,9,7
1294,4,2,8,5,4,3,3
1295,4,2,8,8,7,7,9
1296,4,2,9,2,9,2,8
1297,4,2,9,3,1,2,5
1298,4,2,9,3,9,1,8
1299,4,2,9,5,2,6,5
1300,4,2,9,5,5,6,7
1301,4,3,0,0,0,7,0
1302,4,3,0,0,6,5,0
1303,4,3,0,2,2,7,2
1304,4,3,0,3,5,2,0
1305,4,3,0,5,0,8,1
1306,4,3,0,5,9,6,0
1307,4,3,0,9,5,4,5
1308,4,3,1,1,4,9,7
1309,4,3,1,3,0,8,1
1310,4,3,1,3,1,8,2
1311,4,3,1,5,4,8,5
1312,4,3,1,8,1,7,4
1313,4,3,1,8,9,8,9
1314,4,3,2,3,2,2,5
1315,4,3,2,4,6,2,4
1316,4,3,2,5,2,1,2
1317,4,3,2,5,4,2,6
1318,4,3,2,7,1,2,1
1319,4,3,2,8,1,7,2
1320,4,3,2,8,3,1,8
1321,4,3,2,9,0,8,3
1322,4,3,3,1,2,5,8
1323,4,3,3,2,7,4,7
1324,4,3,3,6,4,9,0
1325,4,3,4,9,4,0,8
1326,4,3,4,9,4,8,0
1327,4,3,5,1,3,2,3
1328,4,3,5,1,7,1,0
1329,4,3,5,9,5,6,5
1330,4,3,6,0,1,8,2
1331,4,3,6,0,7,2,8
1332,4,3,6,5,6,7,7
1333,4,3,6,6,4,2,8
1334,4,3,6,6,4,6,3
1335,4,3,7,1,9,9,6
1336,4,3,7,5,5,8,6
1337,4,3,7,8,1,8,7
1338,4,3,7,8,2,5,9
1339,4,3,8,5,9,3,7
1340,4,3,8,8,5,3,1
1341,4,3,8,9,5,3,8
1342,4,4,0,1,8,3,1
1343,4,4,1,0,0,4,5
1344,4,4,1,1,4,6,9
1345,4,4,1,2,7,5,9
1346,4,4,1,7,7,7,2
1347,4,4,1,9,7,1,6
1348,4,4,1,9,7,1,9
1349,4,4,2,1,3,3,0
1350,4,4,2,1,6,3,2
1351,4,4,2,3,7,9,9
1352,4,4,2,4,5,2,1
1353,4,4,2,4,6,9,7
1354,4,4,2,5,9,8,7
1355,4,4,2,6,3,7,9
1356,4,4,2,7,0,4,8
1357,4,4,2,7,7,6,4
1358,4,4,2,8,3,2,2
1359,4,4,3,1,1,5,3
1360,4,4,3,1,5,4,1
1361,4,4,3,2,5,7,3
1362,4,4,3,6,3,7,8
1363,4,4,3,6,8,1,9
1364,4,4,3,7,9,0,1
1365,4,4,3,8,6,0,1
1366,4,4,3,9,3,2,7
1367,4,4,4,5,2,8,4
1368,4,4,4,5,8,2,7
1369,4,4,4,6,5,0,1
1370,4,4,4,8,9,3,0
1371,4,4,4,9,9,9,7
1372,4,4,5,3,0,9,4
1373,4,4,5,7,6,2,7
1374,4,4,5,9,2,3,7
1375,4,4,6,2,2,3,2
1376,4,4,6,3,6,8,0
1377,4,4,6,6,3,6,1
1378,4,4,6,6,9,0,5
1379,4,4,7,8,4,0,5
1380,4,4,8,5,1,6,5
1381,4,4,9,1,0,0,7
1382,4,4,9,3,5,9,5
1383,4,4,9,5,4,3,1
1384,4,4,9,5,9,5,6
1385,4,4,9,6,6,2,2
1386,4,4,9,6,8,4,0
1387,4,5,0,0,2,4,2
1388,4,5,0,7,1,0,6
1389,4,5,0,7,9,7,4
1390,4,5,0,8,1,0,5
1391,4,5,1,2,6,5,7
1392,4,5,1,3,2,4,7
1393,4,5,1,3,8,8,4
1394,4,5,1,4,8,1,4
1395,4,5,1,4,8,9,9
1396,4,5,1,5,2,8,2
1397,4,5,1,6,3,6,1
1398,4,5,1,6,6,1,9
1399,4,5,1,6,9,8,1
1400,4,5,1,8,5,2,4
1401,4,5,1,8,6,7,8
1402,4,5,2,0,6,2,9
1403,4,5,2,1,8,6,3
1404,4,5,2,5,2,4,7
1405,4,5,2,6,9,6,9
1406,4,5,3,3,0,5,5
1407,4,5,3,3,7,8,9
1408,4,5,3,5,4,8,9
1409,4,5,3,8,2,7,9
1410,4,5,3,9,7,8,8
1411,4,5,4,2,0,9,3
1412,4,5,4,3,0,5,3
1413,4,5,4,3,8,6,4
1414,4,5,4,4,9,1,5
1415,4,5,4,8,1,7,9
1416,4,5,4,9,3,5,4
1417,4,5,5,0,3,0,5
1418,4,5,5,1,2,6,3
1419,4,5,5,1,2,7,5
1420,4,5,5,4,2,9,7
1421,4,5,5,6,1,9,3
1422,4,5,5,8,3,8,4
1423,4,5,5,8,6,7,5
1424,4,5,6,1,7,8,2
1425,4,5,6,1,8,0,5
1426,4,5,6,3,0,9,6
1427,4,5,6,3,3,7,5
1428,4,5,6,3,6,1,4
1429,4,5,6,5,7,1,4
1430,4,5,6,7,9,3,8
1431,4,5,6,8,2,7,7
1432,4,5,7,1,2,2,9
1433,4,5,7,2,0,7,6
1434,4,5,7,9,0,1,7
1435,4,5,8,0,9,1,1
1436,4,5,8,1,5,9,1
1437,4,5,8,3,5,5,9
1438,4,5,8,9,2,9,6
1439,4,5,8,9,7,8,9
1440,4,5,9,4,3,4,5
1441,4,6,0,0,1,2,7
1442,4,6,1,0,8,8,8
1443,4,6,1,3,0,8,9
1444,4,6,1,3,3,3,4
1445,4,6,1,3,4,8,1
1446,4,6,1,4,0,1,6
1447,4,6,1,6,1,8,1
1448,4,6,2,6,7,0,8
1449,4,6,3,0,0,5,1
1450,4,6,3,0,4,9,4
1451,4,6,3,1,5,2,1
1452,4,6,3,1,5,6,8
1453,4,6,3,3,7,5,7
1454,4,6,3,6,4,1,2
1455,4,6,3,9,0,0,6
1456,4,6,4,6,6,5,8
1457,4,6,4,7,8,8,6
1458,4,6,4,9,8,2,5
1459,4,6,5,6,1,3,9
1460,4,6,5,6,7,8,1
1461,4,6,5,7,0,0,4
1462,4,6,6,1,2,6,4
1463,4,6,6,3,0,4,6
1464,4,6,6,4,1,8,5
1465,4,6,7,1,6,7,9
1466,4,6,7,4,7,8,3
1467,4,6,7,5,7,0,2
1468,4,6,7,6,8,0,7
1469,4,6,8,1,4,5,2
1470,4,6,8,1,8,0,4
1471,4,6,8,2,1,5,0
1472,4,6,8,4,2,2,1
1473,4,6,8,7,4,5,8
1474,4,6,8,7,8,6,6
1475,4,6,8,7,9,9,2
1476,4,6,8,8,7,9,2
1477,4,6,9,1,1,2,5
1478,4,6,9,1,4,6,1
1479,4,6,9,4,8,3,7
1480,4,6,9,7,8,3,1
1481,4,6,9,8,5,1,6
1482,4,7,0,4,3,6,8
1483,4,7,0,7,8,0,4
1484,4,7,0,9,0,9,7
1485,4,7,1,1,3,4,7
1486,4,7,1,2,4,0,5
1487,4,7,1,4,1,2,3
1488,4,7,1,8,2,0,1
1489,4,7,1,9,9,8,0
1490,4,7,2,6,0,4,9
1491,4,7,2,7,4,6,5
1492,4,7,3,8,4,0,8
1493,4,7,3,8,7,6,5
1494,4,7,3,9,2,0,5
1495,4,7,4,8,3,8,6
1496,4,7,5,5,8,0,1
1497,4,7,7,1,4,4,5
1498,4,7,7,8,3,8,2
1499,4,7,8,0,8,7,6
1500,4,7,8,2,6,5,7
1501,4,7,8,5,7,5,7
1502,4,7,8,7,0,1,5
1503,4,7,8,8,2,8,5
1504,4,7,8,8,8,1,0
1505,4,7,8,8,9,0,4
1506,4,7,9,7,0,4,2
1507,4,7,9,9,8,3,4
1508,4,8,0,6,3,8,4
1509,4,8,0,7,4,0,2
1510,4,8,1,1,3,9,1
1511,4,8,1,6,0,3,3
1512,4,8,1,6,2,7,1
1513,4,8,1,8,6,4,3
1514,4,8,1,9,7,8,6
1515,4,8,1,9,8,3,0
1516,4,8,2,0,1,7,2
1517,4,8,2,2,2,5,7
1518,4,8,2,2,7,7,8
1519,4,8,2,4,3,2,6
1520,4,8,2,5,8,4,7
1521,4,8,2,8,0,3,2
1522,4,8,2,8,2,3,4
1523,4,8,3,2,5,2,3
1524,4,8,3,4,8,8,8
1525,4,8,3,7,4,6,3
1526,4,8,3,8,5,4,8
1527,4,8,3,8,9,8,8
1528,4,8,3,9,3,9,9
1529,4,8,3,9,6,8,6
1530,4,8,3,9,8,7,7
1531,4,8,4,2,0,8,3
1532,4,8,5,0,0,6,4
1533,4,8,5,4,5,7,8
1534,4,8,5,6,3,4,8
1535,4,8,6,8,7,4,7
1536,4,8,6,9,3,9,0
1537,4,8,7,1,5,1,6
1538,4,8,7,4,7,9,9
1539,4,8,7,6,2,1,2
1540,4,8,8,1,3,2,3
1541,4,8,9,1,0,9,9
1542,4,8,9,3,2,5,6
1543,4,8,9,3,4,7,7
1544,4,8,9,7,9,9,5
1545,4,9,0,0,1,7,1
1546,4,9,0,0,8,7,0
1547,4,9,0,2,2,2,8
1548,4,9,0,4,2,2,9
1549,4,9,0,6,5,3,1
1550,4,9,0,7,9,8,6
1551,4,9,0,8,5,7,2
1552,4,9,0,9,3,4,3
1553,4,9,1,2,9,8,2
1554,4,9,2,3,5,2,2
1555,4,9,2,6,5,5,2
1556,4,9,3,2,3,9,9
1557,4,9,3,6,3,8,8
1558,4,9,3,6,6,6,0
1559,4,9,4,0,9,7,5
1560,4,9,4,1,4,1,9
1561,4,9,4,1,8,9,8
1562,4,9,4,3,7,5,0
1563,4,9,4,3,8,4,8
1564,4,9,4,5,0,5,2
1565,4,9,4,5,5,7,0
1566,4,9,5,0,6,8,7
1567,4,9,5,3,6,6,8
1568,4,9,5,4,0,3,7
1569,4,9,5,8,2,9,0
1570,4,9,6,0,9,6,0
1571,4,9,6,3,9,3,8
1572,4,9,6,6,5,3,3
1573,4,9,6,6,5,9,2
1574,4,9,6,9,2,4,2
1575,4,9,6,9,9,6,7
1576,4,9,7,3,3,3,8
1577,4,9,7,4,8,3,5
1578,4,9,7,8,0,8,4
1579,4,9,7,8,4,5,7
1580,4,9,8,3,2,4,2
1581,4,9,8,9,1,5,4
1582,4,9,9,1,9,0,1
1583,4,9,9,2,3,9,5
1584,4,9,9,3,8,7,7
1585,4,9,9,6,8,2,7
1586,5,0,0,0,2,5,7
1587,5,0,0,0,4,7,3
1588,5,0,0,0,6,5,0
1589,5,0,0,0,7,5,5
1590,5,0,0,5,9,8,6
1591,5,0,0,8,2,5,3
1592,5,0,1,1,2,6,2
1593,5,0,1,2,5,3,6
1594,5,0,1,4,8,6,2
1595,5,0,1,7,8,3,2
1596,5,0,2,4,7,7,3
1597,5,0,2,4,7,8,7
1598,5,0,2,5,8,7,6
1599,5,0,2,6,5,0,1
1600,5,0,3,8,4,9,4
1601,5,0,4,0,2,1,7
1602,5,0,4,0,3,1,5
1603,5,0,4,5,1,6,7
1604,5,0,4,5,3,8,7
1605,5,0,5,0,9,7,9
1606,5,0,5,2,1,7,1
1607,5,0,5,2,8,2,0
1608,5,0,5,3,3,8,6
1609,5,0,5,4,1,1,6
1610,5,0,5,4,9,0,8
1611,5,0,5,5,3,1,9
1612,5,0,7,2,7,6,9
1613,5,0,7,3,3,9,2
1614,5,0,7,3,5,8,8
1615,5,0,7,6,6,5,8
1616,5,0,8,2,1,3,8
1617,5,0,8,7,9,6,4
1618,5,0,8,8,0,9,1
1619,5,0,9,1,7,7,6
1620,5,1,0,0,1,1,1
1621,5,1,0,1,6,9,2
1622,5,1,0,2,2,7,4
1623,5,1,0,5,7,2,2
1624,5,1,0,6,8,4,7
1625,5,1,0,8,0,6,3
1626,5,1,0,8,9,5,2
1627,5,1,1,2,5,6,0
1628,5,1,2,3,5,3,0
1629,5,1,2,7,5,8,4
1630,5,1,3,2,2,0,3
1631,5,1,3,3,4,1,7
1632,5,1,3,8,0,4,3
1633,5,1,3,8,6,0,7
1634,5,1,4,2,3,0,6
1635,5,1,4,2,5,1,2
1636,5,1,4,2,5,4,5
1637,5,1,4,3,0,8,4
1638,5,1,4,3,4,2,2
1639,5,1,5,1,7,6,7
1640,5,1,5,4,4,2,6
1641,5,1,5,6,8,3,5
1642,5,1,6,2,2,0,3
1643,5,1,6,6,8,0,9
1644,5,1,6,7,7,5,6
1645,5,1,6,8,2,8,8
1646,5,1,6,9,4,8,1
1647,5,1,6,9,6,9,2
1648,5,1,7,9,4,9,6
1649,5,1,8,2,0,6,2
1650,5,1,8,3,5,5,3
1651,5,1,8,4,9,9,7
1652,5,1,8,7,0,5,7
1653,5,1,9,7,1,3,4
1654,5,2,0,2,6,8,1
1655,5,2,0,3,3,0,3
1656,5,2,0,4,3,5,7
1657,5,2,0,4,7,9,0
1658,5,2,0,8,1,5,9
1659,5,2,1,4,6,4,9
1660,5,2,1,8,4,2,7
1661,5,2,1,8,4,8,2
1662,5,2,2,1,9,1,0
1663,5,2,2,7,2,2,0
1664,5,2,2,7,2,9,2
1665,5,2,2,9,3,0,9
1666,5,2,3,1,9,1,9
1667,5,2,3,4,6,2,2
1668,5,2,3,5,3,9,4
1669,5,2,3,6,7,7,2
1670,5,2,3,7,3,4,7
1671,5,2,3,7,7,5,8
1672,5,2,3,8,8,5,8
1673,5,2,4,3,7,4,5
1674,5,2,4,9,8,1,5
1675,5,2,5,0,5,9,7
1676,5,2,5,5,6,2,5
1677,5,2,5,7,1,0,7
1678,5,2,5,7,6,2,3
1679,5,2,5,8,1,3,9
1680,5,2,6,2,7,9,9
1681,5,2,6,3,9,9,4
1682,5,2,6,5,2,2,9
1683,5,2,6,8,7,0,5
1684,5,2,7,0,0,6,3
1685,5,2,7,4,8,1,9
1686,5,2,7,7,7,8,4
1687,5,2,7,9,6,2,5
1688,5,2,8,2,6,7,0
1689,5,2,8,8,5,6,0
1690,5,2,8,8,5,9,4
1691,5,2,9,0,0,0,7
1692,5,2,9,5,0,9,1
1693,5,3,0,0,1,0,1
1694,5,3,0,0,6,0,4
1695,5,3,0,0,9,5,6
1696,5,3,0,1,6,9,3
1697,5,3,0,5,9,4,7
1698,5,3,1,2,6,8,8
1699,5,3,1,7,8,4,6
1700,5,3,1,8,3,3,3
1701,5,3,1,8,5,3,6
1702,5,3,1,9,3,4,1
1703,5,3,2,3,8,0,2
1704,5,3,2,4,5,3,5
1705,5,3,2,4,8,5,6
1706,5,3,2,5,0,7,5
1707,5,3,2,5,9,3,5
1708,5,3,2,8,8,0,4
1709,5,3,3,1,1,0,4
1710,5,3,3,1,6,1,7
1711,5,3,3,2,2,9,1
1712,5,3,3,2,7,7,4
1713,5,3,3,4,6,9,8
1714,5,3,3,5,5,4,5
1715,5,3,3,7,6,8,8
1716,5,3,4,2,2,2,7
1717,5,3,4,5,2,3,9
1718,5,3,5,1,2,5,9
1719,5,3,5,3,2,5,4
1720,5,3,5,3,6,7,1
1721,5,3,5,3,7,2,9
1722,5,3,5,3,8,8,8
1723,5,3,5,6,4,6,4
1724,5,3,5,9,1,5,4
1725,5,3,6,5,6,9,2
1726,5,3,6,8,6,2,2
1727,5,3,7,3,2,0,6
1728,5,3,7,3,2,6,6
1729,5,3,8,5,9,2,0
1730,5,3,8,6,8,4,8
1731,5,3,8,8,5,9,5
1732,5,3,8,9,5,1,2
1733,5,3,9,0,7,5,3
1734,5,3,9,2,1,6,6
1735,5,3,9,4,5,1,8
1736,5,3,9,7,6,0,6
1737,5,4,0,1,6,0,6
1738,5,4,0,2,0,4,9
1739,5,4,0,8,7,5,1
1740,5,4,1,0,0,9,2
1741,5,4,1,4,9,1,3
1742,5,4,1,5,6,4,6
1743,5,4,1,7,1,5,1
1744,5,4,1,8,4,3,3
1745,5,4,1,9,0,9,7
1746,5,4,2,1,3,6,6
1747,5,4,2,2,2,5,2
1748,5,4,2,3,8,3,6
1749,5,4,2,9,8,4,2
1750,5,4,3,0,1,8,7
1751,5,4,3,0,6,5,0
1752,5,4,3,7,0,6,9
1753,5,4,3,9,2,0,0
1754,5,4,4,0,2,3,3
1755,5,4,4,0,8,1,0
1756,5,4,4,4,3,0,0
1757,5,4,4,6,8,1,4
1758,5,4,4,6,9,4,7
1759,5,4,4,9,7,9,6
1760,5,4,5,0,2,0,3
1761,5,4,5,1,7,6,9
1762,5,4,5,4,4,6,8
1763,5,4,5,5,7,5,7
1764,5,4,5,6,6,9,0
1765,5,4,5,7,1,1,9
1766,5,4,6,5,4,8,6
1767,5,4,6,5,5,2,4
1768,5,4,7,0,9,0,8
1769,5,4,7,2,4,3,2
1770,5,4,7,2,8,9,2
1771,5,4,7,2,9,7,8
1772,5,4,7,6,1,6,0
1773,5,4,7,6,2,2,2
1774,5,4,7,7,4,8,0
1775,5,4,7,9,7,9,7
1776,5,4,7,9,9,0,2
1777,5,4,8,0,1,9,8
1778,5,4,8,5,8,2,4
1779,5,4,8,9,2,3,6
1780,5,4,9,0,3,2,6
1781,5,4,9,1,3,5,0
1782,5,4,9,4,1,2,6
1783,5,4,9,4,6,2,3
1784,5,4,9,5,8,2,3
1785,5,5,0,0,2,5,7
1786,5,5,0,4,4,3,2
1787,5,5,0,6,3,8,1
1788,5,5,0,6,5,2,0
1789,5,5,0,8,4,3,8
1790,5,5,1,5,0,1,3
1791,5,5,1,7,7,1,8
1792,5,5,1,7,7,4,6
1793,5,5,2,4,4,3,9
1794,5,5,3,0,7,6,0
1795,5,5,3,3,3,4,4
1796,5,5,3,3,7,1,0
1797,5,5,3,5,9,5,2
1798,5,5,3,8,1,5,9
1799,5,5,3,9,4,5,7
1800,5,5,4,1,8,7,4
1801,5,5,5,0,4,2,7
1802,5,5,5,3,1,7,8
1803,5,5,5,4,4,6,8
1804,5,5,5,5,6,8,5
1805,5,5,5,8,7,8,6
1806,5,5,6,0,7,2,6
1807,5,5,6,2,2,3,7
1808,5,5,6,2,8,7,6
1809,5,5,6,4,9,8,3
1810,5,5,6,5,2,4,7
1811,5,5,7,1,0,6,3
1812,5,5,7,4,2,7,0
1813,5,5,7,5,7,1,2
1814,5,5,7,6,6,7,7
1815,5,5,7,7,8,4,6
1816,5,5,7,8,4,3,8
1817,5,5,8,1,0,9,3
1818,5,5,8,1,1,9,6
1819,5,5,8,2,4,4,7
1820,5,5,8,8,2,1,3
1821,5,5,9,2,0,7,4
1822,5,5,9,5,4,8,0
1823,5,5,9,6,6,4,5
1824,5,5,9,9,0,8,3
1825,5,6,0,0,7,1,9
1826,5,6,0,1,0,1,6
1827,5,6,0,2,6,6,3
1828,5,6,0,5,0,1,7
1829,5,6,0,5,0,3,2
1830,5,6,1,1,5,4,7
1831,5,6,1,3,7,1,6
1832,5,6,1,4,3,3,2
1833,5,6,1,7,8,1,4
1834,5,6,1,8,7,7,9
1835,5,6,1,9,4,2,4
1836,5,6,2,3,1,5,2
1837,5,6,2,7,8,5,9
1838,5,6,2,8,1,9,6
1839,5,6,2,8,2,6,1
1840,5,6,3,3,3,1,8
1841,5,6,3,3,5,4,4
1842,5,6,3,6,0,5,7
1843,5,6,3,6,2,4,2
1844,5,6,3,6,3,8,6
1845,5,6,3,6,5,4,0
1846,5,6,3,6,7,8,7
1847,5,6,3,7,3,9,5
1848,5,6,3,8,3,3,7
1849,5,6,3,9,9,8,5
1850,5,6,4,2,7,0,3
1851,5,6,4,5,9,2,1
1852,5,6,4,6,7,7,1
1853,5,6,5,0,7,9,9
1854,5,6,5,7,6,8,7
1855,5,6,5,8,5,8,4
1856,5,6,6,6,3,0,0
1857,5,6,6,7,0,3,7
1858,5,6,6,8,9,8,8
1859,5,6,6,9,8,8,7
1860,5,6,7,0,9,7,8
1861,5,6,7,8,8,9,8
1862,5,6,9,1,2,1,7
1863,5,6,9,2,6,5,2
1864,5,6,9,2,7,3,3
1865,5,6,9,4,2,5,0
1866,5,6,9,6,4,9,8
1867,5,6,9,7,5,3,4
1868,5,7,0,1,3,8,7
1869,5,7,0,1,8,2,0
1870,5,7,0,3,1,3,1
1871,5,7,0,7,2,4,1
1872,5,7,0,7,5,3,9
1873,5,7,0,7,8,3,3
1874,5,7,0,8,9,6,8
1875,5,7,1,1,8,2,0
1876,5,7,1,3,1,3,6
1877,5,7,1,3,2,0,6
1878,5,7,1,3,6,9,5
1879,5,7,1,4,2,7,6
1880,5,7,1,6,3,6,4
1881,5,7,1,9,1,0,5
1882,5,7,2,6,6,4,1
1883,5,7,2,9,5,9,7
1884,5,7,3,2,4,0,5
1885,5,7,3,2,4,2,7
1886,5,7,3,3,1,6,3
1887,5,7,4,0,7,1,2
1888,5,7,4,3,8,5,7
1889,5,7,4,4,6,6,6
1890,5,7,4,7,2,6,6
1891,5,7,5,1,1,9,6
1892,5,7,5,4,1,6,3
1893,5,7,5,4,1,9,4
1894,5,7,5,6,4,8,9
1895,5,7,5,8,4,0,8
1896,5,7,5,9,0,0,6
1897,5,7,5,9,0,3,2
1898,5,7,5,9,0,7,4
1899,5,7,5,9,2,3,7
1900,5,7,6,0,1,4,4
1901,5,7,6,1,4,1,4
1902,5,7,6,5,6,5,5
1903,5,7,6,6,2,7,2
1904,5,7,6,6,7,2,5
1905,5,7,7,2,0,3,4
1906,5,7,7,2,1,9,0
1907,5,7,7,2,2,1,7
1908,5,7,7,2,4,2,0
1909,5,7,7,3,5,0,7
1910,5,7,7,3,7,5,0
1911,5,7,7,4,4,9,5
1912,5,7,7,9,2,6,2
1913,5,7,8,0,8,7,0
1914,5,7,8,1,0,7,5
1915,5,7,8,1,6,3,1
1916,5,7,8,3,9,6,3
1917,5,7,8,4,2,1,6
1918,5,7,9,1,5,6,9
1919,5,7,9,2,8,5,8
1920,5,7,9,3,9,6,7
1921,5,7,9,7,5,4,6
1922,5,8,0,4,2,0,1
1923,5,8,0,7,3,6,6
1924,5,8,0,8,4,7,2
1925,5,8,0,9,1,3,3
1926,5,8,1,0,4,0,9
1927,5,8,1,0,7,2,6
1928,5,8,1,1,3,2,5
1929,5,8,1,3,1,3,5
1930,5,8,1,6,7,7,3
1931,5,8,1,8,3,6,3
1932,5,8,1,9,8,9,4
1933,5,8,2,0,9,5,7
1934,5,8,2,3,7,9,8
1935,5,8,2,4,1,7,3
1936,5,8,2,9,6,4,2
1937,5,8,3,3,0,3,4
1938,5,8,3,3,1,9,6
1939,5,8,3,3,9,0,1
1940,5,8,3,9,2,1,7
1941,5,8,4,3,5,0,6
1942,5,8,4,7,8,9,0
1943,5,8,4,8,5,1,8
1944,5,8,5,7,9,5,9
1945,5,8,5,9,7,1,0
1946,5,8,6,1,9,3,5
1947,5,8,6,5,4,8,4
1948,5,8,6,7,2,8,1
1949,5,8,6,7,6,1,1
1950,5,8,6,8,3,6,0
1951,5,8,7,1,6,4,3
1952,5,8,7,5,3,7,4
1953,5,8,7,8,3,9,7
1954,5,8,8,0,2,5,9
1955,5,8,8,3,8,0,9
1956,5,8,8,9,9,9,2
1957,5,8,9,0,2,7,1
1958,5,8,9,4,9,7,0
1959,5,9,0,2,9,3,6
1960,5,9,0,3,9,8,9
1961,5,9,0,5,7,3,1
1962,5,9,1,1,1,0,1
1963,5,9,1,2,7,9,5
1964,5,9,1,2,7,9,9
1965,5,9,1,5,2,6,4
1966,5,9,2,0,7,0,0
1967,5,9,2,2,3,2,6
1968,5,9,2,2,5,3,3
1969,5,9,2,2,8,4,5
1970,5,9,2,2,8,5,7
1971,5,9,2,4,5,6,2
1972,5,9,2,5,0,2,2
1973,5,9,2,6,3,8,0
1974,5,9,2,7,7,1,1
1975,5,9,3,3,7,4,4
1976,5,9,3,4,4,4,5
1977,5,9,3,5,9,8,5
1978,5,9,3,8,0,1,7
1979,5,9,4,0,9,3,2
1980,5,9,4,2,1,9,5
1981,5,9,4,2,4,7,3
1982,5,9,4,7,4,2,6
1983,5,9,4,9,0,6,3
1984,5,9,5,2,0,6,3
1985,5,9,5,3,0,9,4
1986,5,9,5,3,4,8,4
1987,5,9,5,8,2,2,1
1988,5,9,6,5,6,5,5
1989,5,9,6,6,3,9,4
1990,5,9,6,7,9,4,1
1991,5,9,6,8,3,8,3
1992,5,9,6,8,6,2,0
1993,5,9,7,2,6,4,7
1994,5,9,7,4,1,6,7
1995,5,9,7,4,7,7,7
1996,5,9,8,9,3,4,9
1997,5,9,8,9,3,7,3
1998,5,9,9,0,0,0,7
1999,5,9,9,2,4,1,8
2000,5,9,9,3,0,9,9
