No,No1,No2,No3,No4,No5,No6
1,6,8,24,36,40,41
2,14,20,23,34,39,42
3,9,12,14,19,34,44
4,8,11,28,30,37,45
5,2,3,28,29,39,43
6,14,19,20,35,36,45
7,2,7,19,24,27,41
8,6,15,16,29,30,45
9,3,10,14,21,30,36
10,7,13,14,22,38,42
11,6,12,14,31,41,44
12,8,16,19,20,25,41
13,4,15,18,28,33,34
14,6,15,20,35,38,43
15,5,11,16,19,24,29
16,4,12,18,24,26,33
17,1,12,19,22,31,40
18,3,10,14,19,22,27
19,2,10,15,24,39,40
20,7,12,20,34,43,44
21,9,13,18,26,34,41
22,3,9,19,38,40,44
23,2,5,20,22,25,31
24,4,7,24,28,32,36
25,3,7,10,20,25,28
26,1,20,24,30,37,40
27,2,6,28,30,41,43
28,8,13,22,31,37,40
29,1,4,11,17,24,42
30,3,22,23,24,30,41
31,7,8,31,32,39,40
32,5,14,27,36,37,38
33,3,9,21,23,34,42
34,16,19,21,22,25,28
35,5,9,24,29,30,34
36,2,21,22,34,36,37
37,14,18,21,32,37,41
38,6,13,14,18,27,40
39,5,8,19,25,34,37
40,4,11,14,25,28,34
41,7,12,18,26,27,39
42,4,6,10,15,27,39
43,12,21,27,33,34,36
44,7,8,21,31,42,43
45,20,25,30,37,41,43
46,5,9,16,19,35,42
47,4,14,17,23,35,39
48,5,16,28,33,37,44
49,4,18,21,30,31,45
50,3,4,12,17,30,33
51,1,2,8,13,23,26
52,2,15,17,23,36,42
53,2,4,21,34,42,43
54,3,5,10,19,35,38
55,2,6,16,17,36,37
56,1,4,8,17,18,45
57,10,19,20,29,32,33
58,1,7,10,21,36,44
59,10,17,18,30,34,35
60,5,6,9,30,32,45
61,6,7,13,14,17,43
62,2,9,32,33,36,41
63,5,6,21,26,28,32
64,1,2,10,21,32,35
65,3,7,16,17,19,44
66,11,14,20,22,37,40
67,15,17,26,27,36,42
68,2,8,9,37,39,41
69,2,7,22,24,26,38
70,5,12,14,18,42,45
71,3,20,23,29,32,41
72,12,18,34,39,43,45
73,2,10,15,25,30,42
74,9,17,23,30,31,43
75,2,9,11,20,35,40
76,5,12,26,27,30,33
77,6,9,15,27,35,44
78,5,12,17,30,39,43
79,7,25,32,36,41,45
80,2,9,26,31,35,44
81,5,7,17,18,20,24
82,16,18,21,31,41,42
83,1,2,7,17,18,31
84,14,16,19,30,31,35
85,5,19,25,30,33,41
86,5,16,20,31,42,43
87,3,4,5,7,8,21
88,9,10,11,32,35,37
89,10,12,17,21,26,35
90,2,12,17,24,34,45
91,1,6,7,8,17,45
92,8,15,16,20,22,33
93,12,19,23,28,30,39
94,1,7,17,33,37,40
95,5,14,15,29,38,45
96,2,24,27,34,40,44
97,5,19,22,23,24,28
98,2,15,19,29,34,44
99,5,25,29,36,38,39
100,3,6,14,19,21,38
101,3,8,10,13,17,23
102,11,25,30,34,43,45
103,9,22,23,24,26,36
104,4,7,9,14,36,38
105,2,13,28,31,37,42
106,9,11,17,23,27,32
107,20,21,27,32,33,36
108,6,8,22,24,29,30
109,2,3,4,6,20,29
110,11,15,22,27,29,35
111,18,20,32,33,37,40
112,1,6,8,29,31,44
113,5,8,13,15,23,29
114,13,25,31,32,33,39
115,3,16,29,37,43,45
116,7,15,29,31,34,43
117,2,3,12,15,25,30
118,4,18,19,30,40,45
119,2,4,30,41,43,45
120,10,14,21,26,27,41
121,2,5,14,16,29,32
122,4,7,9,28,32,34
123,3,7,29,32,34,45
124,9,10,13,14,26,41
125,8,15,17,32,37,43
126,3,9,10,20,23,42
127,9,12,20,33,35,42
128,17,18,25,28,32,40
129,13,21,23,24,29,45
130,2,14,24,25,29,42
131,1,3,7,11,42,44
132,10,14,24,31,36,40
133,13,15,17,32,35,44
134,5,14,17,24,25,41
135,13,22,29,30,31,39
136,9,19,24,27,29,43
137,6,10,11,21,29,32
138,4,5,7,26,37,43
139,2,4,7,19,23,35
140,11,32,33,38,42,44
141,12,15,19,27,42,43
142,6,7,15,25,36,37
143,13,20,24,28,40,41
144,19,23,26,30,34,42
145,2,17,30,33,38,45
146,6,12,25,32,40,44
147,2,20,27,28,30,40
148,13,14,17,22,24,36
149,1,3,7,30,37,43
150,12,16,23,27,31,44
151,1,7,10,11,15,37
152,4,5,12,16,20,37
153,16,21,36,37,41,44
154,15,21,22,27,44,45
155,3,19,20,22,33,34
156,2,3,12,17,25,28
157,7,13,22,24,32,36
158,13,17,26,31,36,42
159,6,16,29,31,40,43
160,13,23,38,39,42,43
161,1,3,6,24,32,41
162,4,5,9,10,16,22
163,1,7,12,23,32,38
164,10,15,29,33,34,36
165,8,31,32,33,42,45
166,1,8,9,19,23,32
167,18,19,25,29,32,40
168,2,7,23,29,34,37
169,8,17,20,25,27,32
170,4,5,21,23,26,40
171,7,16,18,23,33,38
172,2,16,25,29,32,45
173,14,22,28,29,34,38
174,3,7,9,26,30,31
175,4,5,7,31,38,43
176,23,30,35,36,39,42
177,2,4,5,15,43,45
178,14,23,25,30,33,39
179,1,3,10,19,27,39
180,1,29,32,38,39,41
181,4,7,9,24,41,42
182,10,17,21,22,26,34
183,14,16,23,26,39,45
184,13,18,29,32,33,44
185,8,11,22,26,30,41
186,10,15,23,25,28,33
187,6,7,12,21,33,43
188,7,18,23,33,37,38
189,22,28,30,32,33,35
190,16,22,23,31,34,45
191,16,19,24,31,38,45
192,12,22,28,35,40,41
193,1,3,6,21,28,42
194,3,10,18,26,29,41
195,11,12,18,26,42,43
196,12,15,25,26,38,45
197,16,23,25,26,29,41
198,10,22,28,37,39,44
199,5,24,25,27,43,45
200,1,16,18,25,26,32
201,2,6,29,35,37,40
202,2,6,9,17,32,38
203,2,8,14,29,31,39
204,6,8,18,27,32,39
205,4,29,32,37,38,41
206,3,17,19,30,38,43
207,3,6,26,34,39,44
208,1,4,9,36,38,39
209,4,7,13,22,26,37
210,14,18,35,36,40,42
211,2,6,19,33,34,40
212,3,12,13,23,33,44
213,2,11,12,22,35,36
214,2,10,12,22,29,35
215,10,11,13,16,42,44
216,11,15,23,29,30,44
217,13,17,25,29,42,45
218,6,29,30,33,41,42
219,9,10,27,28,36,43
220,19,24,26,34,35,41
221,12,20,21,38,39,45
222,3,15,18,24,35,37
223,1,16,19,20,22,37
224,2,16,17,18,20,37
225,1,6,11,13,33,44
226,8,10,17,20,24,30
227,4,9,10,30,34,44
228,1,16,24,29,39,42
229,3,11,20,22,38,43
230,4,5,8,10,11,15
231,7,11,20,22,37,41
232,7,13,17,27,34,45
233,1,9,20,31,44,45
234,17,24,27,29,30,38
235,7,9,11,17,34,36
236,5,10,12,19,37,39
237,2,5,10,18,23,28
238,7,21,23,26,36,44
239,7,8,15,17,34,44
240,18,19,27,32,34,38
241,2,30,36,39,40,41
242,2,5,22,31,34,40
243,1,12,19,29,36,43
244,10,16,34,40,42,45
245,9,13,20,22,23,24
246,1,16,24,35,37,45
247,1,12,16,22,27,33
248,3,11,30,37,39,40
249,2,16,19,22,24,41
250,5,7,13,16,37,39
251,1,2,10,31,34,44
252,2,4,10,13,32,34
253,2,5,25,32,39,43
254,6,7,20,31,33,38
255,1,4,11,14,28,31
256,7,12,18,32,36,42
257,12,17,21,36,39,44
258,6,12,21,24,30,41
259,11,21,24,25,36,42
260,5,13,25,31,32,39
261,5,11,13,17,26,41
262,23,27,28,30,34,45
263,12,15,19,25,34,38
264,7,9,21,35,39,42
265,2,6,24,28,35,36
266,3,21,25,26,35,45
267,7,10,12,19,28,43
268,1,8,22,29,40,45
269,10,12,22,24,33,37
270,10,16,18,22,29,39
271,27,30,31,34,40,41
272,2,10,16,18,42,45
273,14,15,24,26,36,40
274,6,10,22,24,25,32
275,3,4,27,32,34,44
276,2,7,35,36,40,45
277,7,14,24,29,35,36
278,3,31,34,38,43,44
279,1,12,20,23,29,39
280,1,9,12,22,31,40
281,4,13,22,26,28,34
282,11,17,18,28,33,42
283,1,3,9,29,37,40
284,2,17,18,23,29,40
285,7,15,25,29,34,35
286,4,11,18,32,35,44
287,19,22,26,31,36,40
288,1,2,16,26,30,32
289,5,21,23,24,33,45
290,3,5,19,32,34,36
291,7,8,13,15,20,32
292,9,11,19,27,28,33
293,7,19,20,23,26,43
294,8,10,24,26,39,45
295,1,4,5,14,23,28
296,1,16,18,25,38,45
297,3,4,20,34,41,45
298,4,8,10,12,24,45
299,5,6,16,20,24,28
300,10,11,14,15,20,26
301,11,18,39,43,44,45
302,7,10,16,26,41,42
303,16,19,22,31,35,36
304,2,8,14,15,22,40
305,12,13,25,35,36,37
306,13,19,24,28,33,36
307,17,24,27,32,37,43
308,2,22,26,32,36,43
309,2,16,24,31,39,41
310,12,16,27,30,35,36
311,1,7,20,25,28,39
312,12,14,36,39,40,45
313,4,7,19,22,35,44
314,3,5,10,13,24,25
315,5,15,17,24,30,31
316,17,23,32,33,35,36
317,19,31,34,36,37,42
318,16,19,28,29,35,44
319,1,15,36,37,42,45
320,1,12,13,15,17,24
321,11,29,30,32,33,38
322,9,10,16,18,39,44
323,2,4,14,18,29,38
324,6,7,8,14,22,34
325,3,5,17,20,28,35
326,9,10,13,16,21,37
327,5,16,19,23,37,40
328,1,3,10,25,30,37
329,12,14,15,17,26,30
330,3,16,22,24,26,33
331,23,28,29,31,32,33
332,2,9,15,21,37,43
333,2,5,11,30,38,40
334,1,7,10,21,26,28
335,7,11,26,29,40,45
336,1,7,27,37,39,40
337,17,18,25,34,37,39
338,6,16,18,24,30,43
339,4,6,8,21,22,43
340,4,13,15,18,30,38
341,5,10,12,16,17,36
342,13,21,25,31,32,38
343,3,8,20,30,34,36
344,7,11,12,31,32,41
345,4,9,16,18,24,37
346,6,16,20,28,34,39
347,3,5,19,21,36,42
348,6,12,21,33,34,37
349,4,8,12,16,25,29
350,4,6,15,19,30,34
351,2,7,18,25,28,31
352,3,8,9,16,17,19
353,12,15,22,27,39,42
354,2,3,20,22,26,36
355,3,16,18,28,30,40
356,3,15,17,37,38,42
357,10,16,20,22,29,45
358,3,9,20,32,33,44
359,17,18,21,29,36,44
360,11,14,15,22,41,43
361,2,6,7,25,44,45
362,2,8,13,27,33,35
363,2,7,8,17,35,40
364,1,19,28,30,39,44
365,4,17,18,19,23,33
366,2,13,20,38,39,40
367,19,31,33,38,40,42
368,18,21,24,26,37,38
369,2,6,23,26,32,34
370,4,13,33,38,40,45
371,5,20,21,36,37,39
372,6,10,23,24,34,35
373,1,11,30,31,34,39
374,11,14,16,20,31,39
375,9,10,12,18,32,36
376,16,18,19,33,34,41
377,16,27,30,36,38,41
378,1,4,5,33,36,43
379,3,13,25,29,38,39
380,6,14,17,28,30,33
381,1,3,18,27,32,40
382,9,12,13,18,28,32
383,1,9,12,14,29,39
384,4,8,24,32,34,45
385,10,12,25,32,41,45
386,6,13,15,26,32,37
387,2,12,31,33,37,43
388,1,2,20,27,31,32
389,2,12,23,30,39,42
390,2,3,13,19,37,38
391,2,10,22,25,31,43
392,16,21,34,37,40,43
393,9,17,25,27,41,42
394,1,9,14,17,20,32
395,1,2,11,24,25,38
396,5,17,23,28,31,43
397,5,8,12,20,29,37
398,9,12,15,24,43,45
399,23,25,27,28,33,43
400,4,10,17,27,28,31
401,2,21,22,25,26,29
402,5,6,11,19,24,35
403,4,12,16,33,34,43
404,13,21,30,33,35,36
405,13,27,31,34,40,44
406,8,13,19,31,36,44
407,6,7,18,20,21,42
408,8,15,26,28,32,38
409,5,12,16,18,21,26
410,1,3,9,18,31,36
411,1,5,21,29,30,33
412,5,13,17,20,22,31
413,7,10,13,22,35,42
414,15,17,18,20,28,33
415,4,9,36,37,40,45
416,3,6,14,24,27,33
417,2,21,31,33,38,39
418,13,19,20,27,32,36
419,8,13,15,17,22,38
420,2,18,24,30,36,37
421,21,24,25,32,37,40
422,5,17,19,22,26,35
423,19,23,28,34,40,45
424,8,9,12,18,26,32
425,1,4,11,13,16,41
426,8,21,25,28,32,44
427,3,10,14,19,20,37
428,1,4,11,21,42,45
429,4,8,24,25,27,44
430,10,21,24,34,41,44
431,1,7,8,14,30,36
432,5,8,17,19,35,41
433,5,18,27,32,44,45
434,4,5,16,34,43,44
435,6,15,21,33,36,45
436,1,6,11,30,32,37
437,1,16,19,27,30,43
438,2,7,8,9,19,24
439,3,10,19,32,40,41
440,8,11,21,27,35,39
441,3,10,11,21,35,41
442,10,21,23,24,30,32
443,2,14,15,26,38,39
444,4,20,33,38,40,43
445,11,20,21,25,34,38
446,4,16,25,27,34,38
447,2,4,11,21,28,29
448,2,10,26,27,29,43
449,4,5,15,26,33,37
450,2,3,9,10,11,19
451,3,15,23,24,38,44
452,12,23,28,31,41,43
453,2,4,8,14,30,45
454,5,13,17,34,40,44
455,1,6,28,29,31,34
456,8,18,28,33,38,43
457,6,7,14,24,41,43
458,4,17,18,28,33,45
459,5,13,25,32,35,43
460,8,11,14,20,28,43
461,8,12,18,21,23,28
462,6,28,33,35,39,43
463,1,7,11,20,23,42
464,7,11,27,30,36,42
465,2,18,19,25,26,30
466,3,9,10,13,16,36
467,12,13,24,30,32,41
468,8,17,20,32,37,44
469,1,6,17,21,32,37
470,3,12,25,29,31,43
471,2,7,20,25,39,40
472,5,10,30,31,32,41
473,4,16,27,31,35,44
474,14,21,23,28,40,42
475,8,13,16,30,39,42
476,9,18,24,30,39,41
477,1,21,22,32,33,39
478,1,8,16,27,34,41
479,6,13,14,18,23,36
480,10,15,24,29,42,43
481,2,9,21,23,30,41
482,5,16,24,29,30,31
483,17,22,23,25,32,43
484,7,9,15,16,17,36
485,4,15,17,21,29,35
486,1,5,33,34,38,40
487,12,18,20,27,28,40
488,5,17,22,25,26,39
489,10,17,23,25,28,38
490,2,10,22,26,29,37
491,1,4,24,40,42,45
492,6,7,8,16,32,38
493,3,5,6,10,29,34
494,1,2,5,19,35,43
495,12,13,17,20,35,43
496,1,14,18,23,31,37
497,4,9,15,22,32,45
498,5,11,12,24,26,39
499,4,24,27,30,32,34
500,3,6,10,22,29,44
501,25,26,37,43,44,45
502,8,19,24,32,35,44
503,17,18,28,32,41,43
504,2,11,26,27,28,36
505,5,7,9,21,23,30
506,3,4,13,18,33,41
507,5,18,21,31,37,38
508,7,25,27,28,33,38
509,1,17,19,39,42,43
510,1,20,27,31,37,42
511,8,15,16,26,27,41
512,2,10,25,31,32,40
513,10,11,14,22,31,38
514,2,11,15,18,22,39
515,4,14,18,19,20,42
516,7,13,17,31,35,36
517,4,8,9,15,23,36
518,8,11,13,19,40,43
519,2,13,14,20,28,33
520,11,12,14,15,28,29
521,4,9,12,15,42,45
522,19,27,28,30,31,36
523,4,20,26,35,41,44
524,24,27,28,31,35,38
525,2,5,21,31,32,42
526,2,3,5,19,21,38
527,14,19,26,28,31,34
528,25,32,35,40,42,44
529,9,31,32,38,40,42
530,8,20,26,29,30,34
531,2,5,11,12,26,37
532,7,14,15,21,39,45
533,6,9,11,14,27,42
534,2,3,10,16,22,31
535,15,19,25,28,31,42
536,4,9,12,22,40,45
537,5,6,11,14,27,31
538,15,20,27,28,33,41
539,5,8,9,22,44,45
540,9,13,21,23,24,26
541,18,19,21,34,35,45
542,14,21,22,39,40,44
543,5,9,29,32,34,42
544,5,11,27,29,34,39
545,2,21,22,26,27,35
546,12,22,23,32,37,39
547,2,20,23,25,32,43
548,5,6,8,19,28,45
549,3,7,15,41,42,45
550,11,12,13,16,25,35
551,3,10,17,23,27,41
552,3,5,8,19,22,42
553,1,6,7,18,28,43
554,8,9,20,34,44,45
555,4,13,18,19,39,44
556,2,5,26,30,33,41
557,2,9,26,29,36,43
558,14,22,28,36,39,42
559,2,7,18,27,43,45
560,8,13,16,21,25,37
561,6,19,24,29,32,41
562,3,8,10,14,26,30
563,9,22,32,33,36,37
564,6,7,12,36,39,40
565,6,11,14,21,25,31
566,10,14,20,35,43,44
567,11,18,26,37,38,45
568,2,7,11,20,32,36
569,12,24,29,35,41,44
570,9,14,24,30,36,40
571,23,26,34,35,41,44
572,1,13,22,24,27,40
573,2,17,26,27,28,31
574,14,27,31,34,38,45
575,9,19,21,25,34,41
576,7,10,17,32,41,42
577,13,17,20,27,36,37
578,5,28,31,34,39,42
579,12,22,25,31,39,40
580,11,24,26,27,28,33
581,12,15,27,29,31,43
582,6,12,15,17,26,41
583,9,15,17,25,35,42
584,15,17,31,36,39,43
585,7,19,20,26,29,36
586,1,7,8,15,16,38
587,13,18,22,26,28,34
588,3,9,18,19,23,34
589,3,4,26,31,34,36
590,10,15,16,17,29,32
591,8,19,34,35,37,41
592,2,5,24,30,38,44
593,1,10,11,32,33,39
594,5,11,20,30,35,44
595,13,16,22,27,28,31
596,3,9,14,30,36,43
597,3,26,29,30,35,45
598,14,20,21,24,29,34
599,7,14,26,27,34,39
600,1,4,7,15,21,34
601,11,18,26,28,36,40
602,10,11,23,35,39,44
603,15,26,33,40,42,44
604,11,26,29,32,37,38
605,3,10,11,15,19,24
606,23,24,26,27,28,30
607,2,14,17,23,35,45
608,4,6,7,14,38,45
609,1,6,8,34,43,45
610,6,10,12,22,31,37
611,1,2,11,24,27,44
612,3,7,20,35,36,45
613,6,8,15,16,27,30
614,2,3,14,21,23,41
615,8,12,23,24,31,43
616,12,19,26,27,32,44
617,7,11,17,29,31,38
618,1,6,8,21,27,28
619,2,10,17,19,43,44
620,7,13,14,23,24,35
621,5,9,11,17,20,29
622,4,9,12,18,24,37
623,15,19,21,30,34,38
624,1,3,12,26,29,41
625,8,10,13,21,26,41
626,7,20,21,26,33,34
627,1,6,8,26,36,43
628,4,15,29,31,37,38
629,1,18,20,29,37,45
630,18,21,24,31,36,44
631,11,15,28,30,33,44
632,8,9,17,27,40,43
633,6,7,10,24,31,38
634,4,14,17,18,21,27
635,9,22,29,31,32,37
636,2,11,20,28,30,36
637,4,6,16,30,32,41
638,7,15,25,28,31,40
639,3,21,28,29,31,33
640,3,9,17,18,39,40
641,8,11,12,28,31,35
642,6,9,18,33,34,35
643,2,8,22,25,26,30
644,8,19,22,23,29,44
645,3,5,11,37,40,44
646,9,19,21,24,35,45
647,7,18,20,35,38,43
648,12,23,31,34,38,41
649,9,32,35,38,39,43
650,9,14,22,24,32,41
651,10,14,17,23,27,39
652,12,13,19,21,29,41
653,3,4,21,25,33,34
654,2,21,24,25,27,41
655,4,25,37,38,41,45
656,7,14,18,21,28,31
657,4,8,11,19,24,43
658,1,7,14,23,39,44
659,4,14,27,35,36,40
660,2,5,18,34,43,45
661,8,19,27,32,33,36
662,7,13,17,29,37,38
663,14,26,29,32,33,44
664,3,12,20,33,41,42
665,8,18,19,31,35,39
666,2,3,15,38,40,41
667,12,15,26,33,37,45
668,1,3,4,28,35,37
669,4,26,27,28,35,36
670,2,5,11,21,29,44
671,3,9,13,18,26,32
672,1,4,24,26,35,43
673,6,9,11,34,36,45
674,5,9,21,24,39,45
675,5,14,17,22,35,40
676,13,20,27,41,43,45
677,5,14,21,24,32,36
678,12,26,27,32,38,44
679,1,20,22,31,41,45
680,2,23,28,32,36,40
681,8,13,23,30,35,45
682,11,12,22,27,29,36
683,1,14,21,28,40,41
684,14,17,22,26,30,39
685,4,15,28,41,42,44
686,11,25,31,39,44,45
687,4,6,9,14,17,30
688,8,11,15,22,38,44
689,3,8,19,25,32,39
690,4,12,19,35,37,41
691,5,18,24,26,30,34
692,9,11,22,27,39,41
693,5,16,18,35,36,41
694,11,23,31,38,43,45
695,5,14,16,19,25,44
696,9,15,28,37,41,43
697,5,13,25,29,32,41
698,6,10,15,23,26,28
699,6,13,27,30,32,36
700,1,2,15,18,19,21
701,5,19,20,26,40,41
702,5,9,29,32,41,43
703,4,6,13,22,29,37
704,12,14,19,30,42,44
705,8,11,21,25,28,35
706,10,14,16,20,22,45
707,3,21,25,38,41,44
708,3,22,27,30,32,41
709,3,9,15,31,41,42
710,4,10,13,21,27,44
711,24,27,28,35,42,44
712,6,9,14,18,21,41
713,2,3,5,42,43,44
714,6,19,21,22,37,38
715,1,7,16,29,39,45
716,3,15,16,22,25,40
717,6,17,21,39,43,45
718,3,19,24,29,34,44
719,2,10,14,16,19,20
720,10,22,23,36,39,40
721,4,19,25,26,28,45
722,6,7,11,26,36,43
723,8,18,23,24,35,36
724,14,21,22,31,37,38
725,5,11,21,24,29,31
726,7,22,28,35,37,43
727,3,13,14,25,30,42
728,1,6,12,22,32,38
729,7,13,30,35,39,42
730,20,22,28,32,34,35
731,6,8,10,21,42,43
732,1,12,18,19,34,39
733,3,4,16,26,27,41
734,1,2,19,29,33,38
735,4,5,8,17,23,44
736,11,14,15,23,31,41
737,2,3,4,36,37,38
738,4,6,8,17,30,35
739,5,7,12,15,18,41
740,1,11,17,22,37,43
741,6,20,22,24,33,38
742,4,6,7,9,31,44
743,15,16,18,19,26,39
744,7,20,21,22,31,45
745,14,16,18,27,32,35
746,17,26,27,34,38,45
747,6,8,12,19,22,24
748,5,11,20,24,25,40
749,17,18,26,30,32,36
750,2,3,12,18,27,45
751,6,8,13,30,33,39
752,5,14,21,31,37,44
753,3,21,23,24,37,39
754,5,19,20,34,37,42
755,16,20,30,31,34,38
756,3,6,11,13,16,27
757,7,13,15,19,20,29
758,8,12,16,35,36,44
759,7,21,23,30,36,40
760,1,21,22,28,30,38
761,15,22,26,42,43,44
762,8,13,33,37,39,45
763,7,10,11,16,23,43
764,19,20,21,29,40,42
765,13,18,23,24,39,41
766,4,8,9,24,39,44
767,6,11,28,34,35,36
768,2,7,20,29,32,39
769,14,15,28,33,43,45
770,3,31,32,37,40,43
771,4,9,23,32,35,39
772,1,2,10,19,22,36
773,5,10,15,25,29,45
774,2,16,20,23,41,42
775,3,5,14,21,41,44
776,3,5,14,18,25,42
777,3,10,20,23,25,30
778,13,28,33,40,41,44
779,5,13,25,30,36,39
780,5,16,20,37,38,39
781,13,32,35,39,43,44
782,10,16,28,36,37,45
783,13,17,23,32,38,41
784,2,6,20,38,41,43
785,3,4,8,16,17,25
786,6,14,25,29,31,32
787,3,4,7,25,38,44
788,1,14,21,38,41,44
789,1,19,24,27,28,38
790,3,10,11,20,22,24
791,7,10,26,30,40,43
792,8,12,19,20,29,35
793,1,10,12,21,29,41
794,1,2,3,27,31,39
795,7,23,26,27,40,45
796,5,23,32,33,36,43
797,4,15,27,31,32,39
798,2,26,29,33,39,44
799,1,5,35,39,40,42
800,9,16,27,32,41,45
801,6,12,24,25,29,41
802,1,5,7,9,11,18
803,4,13,14,29,30,37
804,2,7,14,23,32,34
805,1,5,11,12,36,39
806,1,6,7,15,29,44
807,3,5,8,17,25,44
808,7,9,15,34,42,43
809,7,15,26,27,31,34
810,18,19,26,28,32,45
811,5,11,17,20,22,35
812,21,26,33,36,39,42
813,17,23,26,39,42,45
814,3,5,10,15,31,42
815,6,7,13,15,22,31
816,12,16,19,31,37,40
817,5,10,29,34,36,45
818,6,19,25,26,33,36
819,19,22,24,26,40,44
820,1,10,11,17,34,39
821,1,9,21,30,36,38
822,5,21,24,31,41,42
823,6,12,18,21,24,34
824,4,15,17,21,27,43
825,3,17,18,29,33,38
826,5,11,19,23,25,36
827,6,11,12,15,24,25
828,27,29,33,39,43,44
829,13,16,21,27,28,43
830,15,20,25,37,40,45
831,4,8,11,22,23,35
832,3,4,7,20,21,22
833,2,5,25,37,41,42
834,23,26,27,29,34,38
835,6,8,18,26,31,37
836,2,15,21,23,37,40
837,6,17,19,20,31,40
838,10,11,14,23,41,42
839,10,13,15,17,28,29
840,6,18,24,29,34,41
841,1,10,14,20,34,44
842,3,17,19,34,39,41
843,3,24,25,31,35,41
844,1,7,14,19,28,32
845,3,6,15,25,29,39
846,2,5,23,32,36,41
847,7,9,14,37,40,42
848,2,5,23,27,32,33
849,2,12,18,19,24,35
850,10,13,23,25,36,42
851,4,11,13,22,29,45
852,1,19,21,24,26,40
853,7,23,25,26,30,45
854,5,6,7,15,17,45
855,1,5,8,26,37,42
856,3,13,17,23,28,38
857,8,14,16,30,35,39
858,9,12,13,17,35,37
859,11,18,28,33,37,41
860,4,12,23,31,32,45
861,1,10,28,32,35,37
862,4,17,20,24,29,34
863,7,26,29,37,38,40
864,18,20,26,36,41,42
865,1,11,17,18,25,28
866,1,3,17,26,38,40
867,6,9,10,18,41,43
868,3,4,8,11,12,36
869,6,10,20,23,24,28
870,13,24,30,31,41,44
871,8,23,24,39,43,45
872,2,12,21,28,37,41
873,1,2,3,9,10,11
874,4,14,19,29,31,40
875,9,11,17,26,29,38
876,2,16,29,30,31,37
877,3,4,15,25,36,37
878,3,4,6,7,15,25
879,2,4,8,18,31,38
880,1,4,8,25,27,36
881,4,25,36,41,42,44
882,3,7,15,20,26,38
883,1,7,21,34,39,40
884,3,32,37,39,41,42
885,11,15,16,18,26,37
886,17,18,20,30,33,39
887,1,8,16,18,19,34
888,1,11,18,34,37,44
889,7,15,18,21,40,43
890,8,12,22,25,27,38
891,3,11,12,13,34,43
892,7,10,28,30,41,43
893,3,8,14,39,40,43
894,7,13,24,29,32,43
895,8,26,29,35,39,40
896,5,10,20,30,35,39
897,21,26,37,42,43,44
898,11,12,28,30,31,40
899,7,11,17,25,35,42
900,6,15,26,27,28,35
901,5,6,14,18,23,25
902,1,4,14,37,39,41
903,2,7,18,33,36,41
904,4,8,12,33,39,41
905,19,21,25,28,31,32
906,1,6,19,22,24,38
907,2,6,7,19,39,40
908,12,23,24,25,35,43
909,3,6,11,16,36,42
910,1,3,8,26,38,42
911,2,3,10,18,27,45
912,12,25,28,29,38,42
913,3,13,22,24,29,31
914,8,11,20,26,27,29
915,1,14,28,32,36,42
916,1,3,9,30,37,45
917,1,2,7,8,21,42
918,3,6,11,27,29,44
919,5,7,8,20,36,39
920,9,13,24,36,39,40
921,1,13,22,34,36,42
922,2,10,11,15,24,42
923,3,8,17,22,30,31
924,3,26,28,34,35,36
925,12,16,17,25,28,39
926,6,10,12,31,35,40
927,24,34,35,40,41,43
928,5,9,16,22,27,34
929,2,8,11,30,35,41
930,8,15,21,27,32,36
931,4,13,19,28,29,32
932,3,17,18,31,41,42
933,27,29,31,38,39,42
934,4,7,22,30,34,39
935,2,9,15,24,27,45
936,6,9,21,24,33,39
937,13,15,17,31,38,41
938,9,11,16,17,35,42
939,5,7,10,17,27,32
940,4,5,14,16,22,33
941,3,10,24,31,43,45
942,2,7,24,25,43,45
943,4,5,24,26,31,40
944,5,15,17,39,43,44
945,1,2,10,21,38,44
946,9,23,24,32,41,45
947,1,14,32,33,37,44
948,11,14,15,17,36,42
949,2,9,17,22,26,31
950,6,13,16,17,24,38
951,1,5,29,32,34,42
952,4,6,11,13,14,33
953,5,6,26,28,30,38
954,2,15,21,24,34,43
955,7,11,21,28,41,42
956,6,20,29,30,33,44
957,5,14,26,32,41,43
958,13,20,21,27,39,42
959,11,17,32,39,41,42
960,4,18,20,24,33,41
961,3,4,11,13,17,23
962,3,5,7,8,30,45
963,3,23,26,30,38,41
964,13,14,24,35,38,42
965,11,23,32,35,43,44
966,3,5,6,8,20,28
967,1,12,14,35,37,38
968,3,5,10,14,32,41
969,5,7,15,21,28,34
970,12,22,26,34,39,41
971,2,6,26,28,31,33
972,5,8,16,18,19,39
973,18,20,31,33,38,44
974,5,7,9,10,19,35
975,1,12,14,19,28,33
976,10,14,24,25,30,40
977,4,8,31,35,39,41
978,18,25,26,27,36,38
979,5,7,9,16,31,35
980,6,11,17,18,32,38
981,9,16,21,30,42,45
982,4,12,23,33,40,43
983,1,2,8,19,32,35
984,14,17,18,25,28,44
985,4,11,12,31,38,43
986,23,26,27,34,36,38
987,1,9,11,13,29,32
988,1,5,13,15,19,26
989,5,23,25,28,33,42
990,1,5,7,10,33,38
991,5,24,29,37,40,44
992,1,24,28,35,38,39
993,8,10,19,24,40,43
994,5,18,20,25,33,44
995,2,5,12,19,35,38
996,1,11,18,36,38,40
997,5,6,14,37,42,44
998,15,17,19,20,38,40
999,5,17,21,32,35,40
1000,7,8,33,34,36,42
1001,1,12,14,25,38,42
1002,8,9,19,24,28,35
1003,12,18,19,24,25,30
1004,1,28,34,36,39,41
1005,7,9,15,30,35,40
1006,1,13,20,35,41,45
1007,5,17,23,25,32,42
1008,6,23,27,30,36,43
1009,1,4,20,24,25,37
1010,13,17,19,22,34,38
1011,3,4,10,14,34,44
1012,7,25,27,32,34,38
1013,1,13,15,18,28,40
1014,3,12,28,34,41,44
1015,5,11,12,16,32,40
1016,12,18,24,33,38,42
1017,16,18,27,28,30,35
1018,3,6,7,13,30,31
1019,3,10,12,21,25,41
1020,9,11,12,27,34,36
1021,4,5,17,25,30,45
1022,12,16,21,38,39,42
1023,13,16,21,23,33,44
1024,4,7,8,16,33,40
1025,5,6,13,31,32,34
1026,2,6,9,12,14,18
1027,7,8,30,32,39,44
1028,4,5,9,13,24,34
1029,5,19,25,26,34,35
1030,6,12,15,19,20,23
1031,11,13,15,17,26,45
1032,6,12,28,33,42,45
1033,2,3,22,25,36,39
1034,4,22,31,35,38,39
1035,5,10,11,16,26,27
1036,16,23,24,28,31,42
1037,12,20,29,41,43,45
1038,13,14,17,19,25,39
1039,4,16,20,31,33,34
1040,2,16,20,28,34,43
1041,5,7,12,28,32,41
1042,7,8,14,28,29,30
1043,6,16,19,22,27,44
1044,12,23,26,29,35,41
1045,7,15,18,21,33,42
1046,5,9,11,20,40,45
1047,17,23,25,27,39,42
1048,4,9,23,25,43,44
1049,19,20,32,38,39,41
1050,16,20,24,30,33,41
1051,11,12,18,31,38,45
1052,12,15,19,34,37,43
1053,11,12,14,27,41,43
1054,1,5,13,22,25,37
1055,9,22,27,31,38,45
1056,8,27,28,32,38,45
1057,8,10,12,15,18,36
1058,8,12,22,24,32,41
1059,11,14,32,34,36,44
1060,1,7,8,26,40,41
1061,5,8,17,34,36,37
1062,27,28,33,36,42,44
1063,29,30,38,39,44,45
1064,2,16,24,42,43,45
1065,7,15,17,19,25,44
1066,4,8,12,18,34,43
1067,12,13,22,24,36,45
1068,5,8,31,41,44,45
1069,10,16,25,28,37,43
1070,2,3,8,10,22,42
1071,1,13,23,26,28,30
1072,5,11,13,24,30,37
1073,3,4,5,37,39,43
1074,3,4,9,18,19,45
1075,13,14,15,18,23,30
1076,3,7,24,26,43,45
1077,16,18,24,30,31,42
1078,12,16,22,30,34,45
1079,8,11,14,17,19,45
1080,5,7,28,29,31,35
1081,1,16,21,24,29,41
1082,1,14,18,22,23,37
1083,4,6,14,18,30,31
1084,1,3,4,18,20,26
1085,5,12,14,24,34,40
1086,7,9,13,24,26,43
1087,7,21,24,25,27,39
1088,1,14,15,18,20,40
1089,3,9,12,41,43,44
1090,8,19,23,34,35,36
1091,5,9,15,25,32,44
1092,10,11,12,21,30,42
1093,8,10,13,17,31,38
1094,13,18,19,28,33,41
1095,16,21,27,29,34,43
1096,5,14,19,29,37,44
1097,2,10,23,29,37,42
1098,3,12,16,23,39,40
1099,4,15,16,19,22,42
1100,1,10,25,28,34,35
1101,1,4,15,25,38,45
1102,13,14,16,26,28,35
1103,6,9,10,11,20,25
1104,1,10,18,23,24,43
1105,3,9,13,30,35,42
1106,2,16,32,37,41,44
1107,6,9,28,29,30,35
1108,9,11,20,22,27,42
1109,21,27,32,34,36,43
1110,1,4,11,15,33,39
1111,1,3,16,21,25,27
1112,2,9,17,20,27,28
1113,11,29,31,36,37,41
1114,4,13,15,16,18,33
1115,13,19,27,31,39,40
1116,6,17,32,34,39,41
1117,4,14,15,22,29,30
1118,14,20,30,36,41,44
1119,11,14,17,30,39,40
1120,7,9,29,35,39,40
1121,6,8,22,31,33,45
1122,17,18,25,27,39,42
1123,2,4,27,28,29,32
1124,9,13,28,31,37,39
1125,12,18,27,36,37,38
1126,7,9,14,28,34,43
1127,18,20,28,34,42,45
1128,1,13,15,16,20,40
1129,1,3,6,19,27,36
1130,13,25,26,27,32,41
1131,6,23,25,26,43,44
1132,15,22,24,25,39,41
1133,4,14,24,33,38,39
1134,3,6,7,17,21,38
1135,5,6,7,17,20,35
1136,2,6,10,31,41,42
1137,5,8,12,18,19,29
1138,1,14,19,35,43,44
1139,11,15,31,32,38,43
1140,2,3,8,11,13,40
1141,8,14,32,33,34,36
1142,12,23,24,25,31,43
1143,2,8,12,25,38,41
1144,23,29,30,31,33,38
1145,8,23,26,39,44,45
1146,1,2,14,29,39,41
1147,1,8,10,17,26,27
1148,4,10,20,29,40,41
1149,2,8,16,25,35,42
1150,9,13,17,18,21,39
1151,5,7,24,30,32,40
1152,4,6,17,24,36,37
1153,1,7,8,12,36,38
1154,2,7,10,24,27,43
1155,8,11,15,17,22,33
1156,6,11,20,22,23,36
1157,2,4,10,11,14,42
1158,11,20,26,37,42,45
1159,7,9,30,32,35,44
1160,1,8,10,14,20,33
1161,3,16,23,28,39,44
1162,3,14,18,19,25,37
1163,18,19,22,29,34,43
1164,4,25,33,35,38,45
1165,8,20,23,29,40,44
1166,15,19,21,24,25,45
1167,4,13,18,22,30,31
1168,6,11,25,26,32,44
1169,16,23,26,33,44,45
1170,7,16,27,34,38,42
1171,2,3,7,11,25,37
1172,2,4,5,25,27,43
1173,2,17,20,23,25,41
1174,13,22,29,38,40,45
1175,4,5,7,36,37,45
1176,1,5,10,27,39,40
1177,2,15,20,23,35,40
1178,4,7,8,14,19,43
1179,3,8,13,18,19,21
1180,10,12,16,24,34,45
1181,9,14,17,35,41,43
1182,5,7,8,14,38,43
1183,10,17,18,19,33,43
1184,4,8,9,24,29,39
1185,2,7,19,25,29,37
1186,5,9,12,30,32,35
1187,1,2,11,13,19,22
1188,2,8,15,18,23,42
1189,2,6,28,42,43,44
1190,4,12,17,20,28,30
1191,4,6,11,34,37,39
1192,3,26,27,33,34,38
1193,9,18,29,34,39,42
1194,1,16,26,29,36,42
1195,9,18,27,30,36,41
1196,14,17,28,32,38,43
1197,3,7,15,18,38,44
1198,19,20,24,33,34,43
1199,6,7,14,17,18,34
1200,6,16,20,21,28,30
1201,15,30,31,40,41,43
1202,10,19,25,27,28,45
1203,2,8,13,24,37,42
1204,5,10,26,27,38,39
1205,5,7,16,22,24,31
1206,5,8,14,22,38,44
1207,6,10,16,25,29,33
1208,4,6,10,26,37,45
1209,1,16,17,29,35,42
1210,3,24,30,36,38,45
1211,2,3,5,12,30,45
1212,8,11,18,22,31,37
1213,1,3,9,27,34,40
1214,2,11,18,21,32,34
1215,15,27,28,33,34,41
1216,6,18,19,43,44,45
1217,1,23,26,38,39,43
1218,9,18,23,26,30,32
1219,6,18,34,36,37,39
1220,1,10,18,29,40,41
1221,13,14,15,28,38,43
1222,3,11,15,22,39,45
1223,3,15,16,41,43,45
1224,2,13,24,30,32,35
1225,1,11,21,26,29,45
1226,5,12,13,24,36,40
1227,9,22,23,24,34,43
1228,3,31,32,33,35,38
1229,6,13,17,37,43,44
1230,14,20,21,28,35,38
1231,1,8,26,34,36,38
1232,3,15,23,29,30,44
1233,2,12,17,31,34,43
1234,8,10,20,35,38,44
1235,4,10,12,30,42,45
1236,12,16,23,28,40,42
1237,1,2,22,26,31,41
1238,1,13,15,19,24,45
1239,23,25,27,28,34,44
1240,6,17,20,29,42,43
1241,7,21,22,26,41,43
1242,2,21,24,34,36,44
1243,2,8,23,30,41,43
1244,6,9,15,33,34,45
1245,5,22,30,34,37,40
1246,2,7,15,18,40,45
1247,3,8,12,17,21,32
1248,10,15,17,23,24,36
1249,9,14,28,31,36,37
1250,5,7,13,15,18,38
1251,1,2,12,14,19,43
1252,5,26,30,33,40,42
1253,6,11,13,20,33,40
1254,7,8,13,15,33,42
1255,11,12,26,31,32,35
1256,2,6,13,35,38,45
1257,4,26,29,30,37,44
1258,7,23,27,35,44,45
1259,12,23,28,33,42,44
1260,8,12,17,36,41,45
1261,5,25,27,28,35,40
1262,5,8,12,18,29,33
1263,8,23,28,29,33,38
1264,3,4,23,26,38,42
1265,2,6,7,22,31,36
1266,14,31,34,39,44,45
1267,2,9,21,29,34,40
1268,11,14,24,25,27,41
1269,1,12,22,32,34,43
1270,1,7,12,29,36,43
1271,1,15,22,35,41,42
1272,3,16,21,29,31,38
1273,7,8,9,20,39,41
1274,1,7,8,12,37,42
1275,6,22,24,42,43,45
1276,4,5,8,28,31,38
1277,7,15,17,21,26,34
1278,7,8,19,34,41,44
1279,6,17,27,33,35,36
1280,6,29,34,36,38,39
1281,1,4,28,36,39,45
1282,5,8,11,28,29,33
1283,8,10,24,26,40,41
1284,4,19,29,32,34,37
1285,18,22,27,32,41,45
1286,10,15,18,27,32,40
1287,3,16,19,32,35,38
1288,2,17,20,23,29,33
1289,5,6,29,30,33,42
1290,1,10,15,22,25,29
1291,12,14,34,36,43,44
1292,5,7,16,20,38,40
1293,7,19,22,29,30,44
1294,2,13,19,32,34,45
1295,2,3,10,30,31,32
1296,5,6,16,19,28,32
1297,12,16,22,29,35,39
1298,5,21,34,43,44,45
1299,3,11,18,22,23,37
1300,9,13,29,30,40,41
1301,3,16,23,28,37,39
1302,3,24,32,35,43,45
1303,1,10,14,15,26,31
1304,11,16,25,31,33,37
1305,5,19,22,29,30,32
1306,1,7,9,11,28,40
1307,7,14,20,25,38,44
1308,2,15,17,18,29,43
1309,1,19,20,25,34,42
1310,8,11,13,17,35,42
1311,20,21,28,38,40,43
1312,2,12,23,28,32,39
1313,7,22,32,36,43,44
1314,1,5,18,27,31,45
1315,2,21,28,31,35,45
1316,12,22,23,32,38,45
1317,5,6,7,28,29,42
1318,2,3,15,18,35,36
1319,4,15,17,22,31,39
1320,1,5,9,24,29,33
1321,13,21,31,34,36,41
1322,9,23,27,28,35,40
1323,10,19,20,21,23,31
1324,16,20,21,22,37,43
1325,11,12,13,27,32,43
1326,7,8,16,23,31,36
1327,4,5,12,13,14,29
1328,5,14,26,28,32,38
1329,1,8,15,16,27,41
1330,7,11,22,25,27,34
1331,3,6,8,15,24,38
1332,15,23,26,29,33,43
1333,22,27,28,30,33,35
1334,6,11,16,29,39,45
1335,4,7,14,23,41,44
1336,2,17,33,35,41,44
1337,6,9,11,14,18,39
1338,3,12,27,30,40,45
1339,6,16,25,33,44,45
1340,11,12,26,28,33,38
1341,3,8,21,22,25,37
1342,2,6,13,29,36,43
1343,14,19,22,26,41,42
1344,4,18,19,25,30,35
1345,5,22,32,34,35,42
1346,1,16,29,32,37,44
1347,2,8,19,30,35,37
1348,10,13,24,25,26,30
1349,8,15,27,31,38,41
1350,4,9,14,17,35,39
1351,14,16,20,24,32,35
1352,13,16,23,30,40,45
1353,2,18,22,26,30,37
1354,17,22,26,29,41,43
1355,3,8,9,17,27,38
1356,7,29,30,34,39,45
1357,13,24,28,40,43,45
1358,2,12,35,36,39,43
1359,5,12,23,33,34,37
1360,3,10,16,20,29,43
1361,6,20,23,29,30,36
1362,2,14,22,33,35,45
1363,6,13,15,29,37,43
1364,1,11,13,27,29,42
1365,1,4,5,15,40,43
1366,15,23,25,26,39,44
1367,4,12,22,25,39,40
1368,25,27,28,30,32,40
1369,16,18,27,28,35,37
1370,8,12,14,36,37,44
1371,9,12,19,21,26,32
1372,2,3,7,24,32,34
1373,4,12,15,19,27,30
1374,7,10,13,14,29,34
1375,2,6,29,40,44,45
1376,1,4,10,17,36,37
1377,3,12,13,15,17,24
1378,2,7,37,38,40,44
1379,7,12,17,18,39,41
1380,6,13,21,23,30,41
1381,6,11,14,31,38,45
1382,2,11,20,27,30,36
1383,2,11,19,25,30,39
1384,2,4,9,12,38,42
1385,12,17,19,35,41,43
1386,3,5,8,13,14,25
1387,4,5,8,9,15,37
1388,11,13,22,24,25,40
1389,18,20,23,36,39,40
1390,11,15,26,30,32,44
1391,15,18,21,22,31,43
1392,1,7,20,22,36,45
1393,9,11,24,26,29,42
1394,10,20,21,22,34,41
1395,27,29,34,35,40,41
1396,5,6,7,19,23,38
1397,3,17,19,24,25,38
1398,10,14,15,17,19,45
1399,2,15,22,25,29,40
1400,4,10,20,27,39,44
1401,1,18,23,33,38,39
1402,7,8,24,25,34,35
1403,9,13,21,36,42,43
1404,2,14,20,29,30,45
1405,3,7,11,23,26,33
1406,9,16,18,22,24,33
1407,3,8,17,24,30,38
1408,6,10,14,18,23,43
1409,2,10,23,38,41,44
1410,2,5,10,21,27,44
1411,13,24,25,31,34,44
1412,6,9,20,23,25,34
1413,20,30,33,37,39,45
1414,4,15,19,26,40,44
1415,4,11,15,16,27,44
1416,8,9,11,22,35,36
1417,3,13,22,28,32,35
1418,10,21,24,26,39,43
1419,16,29,33,34,35,39
1420,2,7,14,18,22,44
1421,5,17,23,28,29,32
1422,15,29,38,39,40,45
1423,2,6,13,14,25,27
1424,8,17,19,32,35,45
1425,11,18,19,33,41,44
1426,4,32,34,37,38,39
1427,6,18,21,22,23,29
1428,8,10,18,27,30,38
1429,3,11,15,16,24,38
1430,4,8,20,25,39,45
1431,2,7,14,17,19,45
1432,2,13,17,24,26,32
1433,9,14,15,20,37,44
1434,10,19,25,33,36,40
1435,1,7,22,23,24,40
1436,4,18,20,21,36,39
1437,5,12,19,28,32,40
1438,5,9,12,23,29,30
1439,9,16,17,32,35,40
1440,1,3,19,20,36,40
1441,7,13,14,16,28,45
1442,14,21,24,25,28,31
1443,2,20,24,30,35,36
1444,2,3,25,28,33,42
1445,16,20,28,30,31,33
1446,5,12,22,37,38,41
1447,17,24,27,39,41,42
1448,4,9,11,27,36,41
1449,25,28,29,36,41,42
1450,3,15,18,21,36,40
1451,8,11,27,32,34,40
1452,11,18,27,32,37,39
1453,5,9,30,33,38,40
1454,6,7,18,29,35,43
1455,11,13,26,27,30,43
1456,12,13,22,27,43,45
1457,1,7,18,36,38,44
1458,2,9,15,21,24,40
1459,5,13,28,33,36,45
1460,5,22,23,31,40,45
1461,4,13,19,20,33,40
1462,15,19,20,34,41,43
1463,7,8,11,21,35,44
1464,6,11,13,16,23,40
1465,5,6,16,20,24,35
1466,9,11,23,26,29,41
1467,8,11,13,16,35,40
1468,1,13,25,30,32,43
1469,12,13,25,29,33,36
1470,2,8,9,12,13,30
1471,5,12,29,31,41,43
1472,7,15,20,21,24,34
1473,5,7,27,29,31,42
1474,6,7,8,36,43,45
1475,23,27,28,30,38,41
1476,18,21,23,25,26,36
1477,1,8,23,35,38,39
1478,17,22,23,28,36,43
1479,3,6,7,14,31,43
1480,2,4,10,23,30,35
1481,15,20,23,24,30,36
1482,3,7,21,38,40,45
1483,1,2,14,31,34,40
1484,11,22,25,30,33,43
1485,18,21,26,31,34,43
1486,5,6,8,9,30,37
1487,2,3,5,10,28,44
1488,2,4,17,36,43,44
1489,14,22,31,36,42,45
1490,2,7,29,31,38,45
1491,6,13,15,24,33,37
1492,9,12,13,14,22,44
1493,8,14,15,23,29,41
1494,7,12,16,18,19,38
1495,2,4,11,22,25,35
1496,1,5,16,27,34,38
1497,5,10,18,32,34,35
1498,8,15,17,22,28,31
1499,7,26,30,36,41,43
1500,14,25,32,37,39,45
1501,15,16,18,27,31,33
1502,4,8,11,14,31,33
1503,11,27,32,33,39,42
1504,4,6,16,23,38,43
1505,3,10,11,23,27,42
1506,11,13,28,32,35,37
1507,2,5,17,21,31,45
1508,2,11,18,26,31,39
1509,7,13,15,19,24,37
1510,7,14,21,23,38,41
1511,5,20,21,27,32,33
1512,9,10,14,15,30,43
1513,16,25,27,30,35,41
1514,2,4,17,22,25,39
1515,8,10,14,17,22,38
1516,4,24,26,32,33,44
1517,8,11,14,17,21,27
1518,6,8,17,19,27,43
1519,8,10,20,26,31,38
1520,2,11,18,22,37,41
1521,8,14,16,17,25,30
1522,6,14,15,17,22,24
1523,6,9,12,28,40,45
1524,1,11,13,16,24,45
1525,2,4,13,22,34,39
1526,10,12,27,28,30,32
1527,2,29,35,36,37,43
1528,4,9,18,28,37,45
1529,12,13,27,34,35,38
1530,2,13,18,26,31,40
1531,12,21,29,38,40,41
1532,1,2,13,21,42,44
1533,4,13,14,19,27,39
1534,5,6,17,19,23,41
1535,17,25,28,35,36,41
1536,2,12,23,37,41,44
1537,2,4,8,27,44,45
1538,16,18,20,25,32,45
1539,13,20,34,37,39,45
1540,6,9,17,27,29,30
1541,1,5,17,18,25,27
1542,1,35,38,42,44,45
1543,2,6,9,27,38,43
1544,12,14,15,20,30,41
1545,3,22,27,28,31,45
1546,9,11,30,40,41,45
1547,6,14,16,18,19,20
1548,2,5,9,11,21,40
1549,5,6,12,19,22,44
1550,4,6,12,18,34,37
1551,15,19,29,36,37,40
1552,7,9,21,22,31,44
1553,4,5,13,20,21,35
1554,5,11,12,18,21,36
1555,4,8,14,17,18,42
1556,9,21,30,41,42,43
1557,7,16,22,27,36,45
1558,18,19,21,24,39,45
1559,1,14,26,30,32,34
1560,8,21,28,33,37,41
1561,16,19,22,23,34,42
1562,9,26,28,42,43,45
1563,8,9,22,30,33,35
1564,2,7,23,27,28,36
1565,5,27,28,30,41,44
1566,4,6,12,22,31,35
1567,6,13,14,28,30,31
1568,4,16,18,36,37,38
1569,2,22,39,41,44,45
1570,3,16,29,34,44,45
1571,9,22,24,25,32,33
1572,8,19,26,39,41,42
1573,4,6,11,21,22,25
1574,5,11,23,30,32,42
1575,6,8,12,22,23,37
1576,5,12,13,19,29,40
1577,2,8,15,32,41,43
1578,6,9,16,20,34,41
1579,6,11,15,19,26,32
1580,13,22,23,40,41,44
1581,1,16,18,23,38,40
1582,2,9,14,17,38,41
1583,6,20,30,31,35,37
1584,4,16,33,36,39,41
1585,1,14,16,30,34,45
1586,7,18,19,30,31,35
1587,6,12,20,22,37,39
1588,9,17,33,38,41,42
1589,8,14,31,32,38,43
1590,2,7,12,28,36,39
1591,7,9,15,28,36,43
1592,7,9,10,12,30,35
1593,8,20,26,27,32,41
1594,12,19,23,28,40,42
1595,4,12,16,24,26,37
1596,16,17,21,23,31,44
1597,1,13,19,20,32,36
1598,3,6,7,21,22,35
1599,2,3,8,12,21,23
1600,8,17,20,23,31,39
1601,2,14,18,29,30,42
1602,5,6,7,10,36,43
1603,3,7,15,22,35,42
1604,16,24,29,32,34,40
1605,3,12,14,25,31,32
1606,8,9,10,27,38,39
1607,1,7,9,13,15,32
1608,25,26,33,35,42,44
1609,24,28,29,34,37,44
1610,1,2,4,15,19,28
1611,6,10,13,15,19,32
1612,8,12,25,29,30,31
1613,6,11,12,18,20,38
1614,1,3,18,27,33,34
1615,16,20,29,34,39,41
1616,1,2,18,21,32,34
1617,1,10,27,29,35,42
1618,4,7,14,18,20,33
1619,2,3,9,14,40,42
1620,3,10,15,18,38,45
1621,5,20,23,31,36,41
1622,2,9,17,25,34,38
1623,2,5,13,24,27,30
1624,3,5,6,10,19,45
1625,2,8,9,17,24,38
1626,1,12,15,21,28,31
1627,1,5,8,17,18,40
1628,2,21,24,32,36,43
1629,6,8,14,20,21,23
1630,10,15,23,30,33,45
1631,4,8,20,31,35,45
1632,1,2,14,20,21,43
1633,4,7,12,19,30,34
1634,15,28,31,37,38,43
1635,4,5,21,26,35,40
1636,1,17,30,32,39,42
1637,15,17,18,29,34,35
1638,18,30,34,42,43,45
1639,4,6,11,29,38,39
1640,2,9,37,41,42,44
1641,1,9,12,17,19,22
1642,2,6,14,23,32,39
1643,7,13,16,30,39,44
1644,1,19,21,22,40,42
1645,1,23,28,33,36,43
1646,3,9,14,17,22,25
1647,1,22,30,35,36,39
1648,7,16,19,24,34,35
1649,20,30,34,39,42,45
1650,6,15,19,35,40,41
1651,14,16,20,21,25,29
1652,16,20,23,40,44,45
1653,12,21,27,28,43,44
1654,2,3,5,14,34,44
1655,3,8,23,25,29,30
1656,2,8,9,11,29,33
1657,3,4,26,31,38,42
1658,11,14,16,21,34,45
1659,7,21,22,23,31,40
1660,3,7,13,26,27,43
1661,13,21,34,41,42,44
1662,1,4,6,13,34,43
1663,22,31,35,37,39,44
1664,6,8,13,21,32,44
1665,16,25,27,28,32,35
1666,6,9,13,17,25,40
1667,5,13,19,26,37,42
1668,4,7,19,32,38,45
1669,7,16,19,26,28,42
1670,2,4,14,15,33,44
1671,1,2,5,12,32,34
1672,14,18,19,20,33,35
1673,3,5,32,40,42,43
1674,10,13,16,21,36,41
1675,10,15,18,21,39,43
1676,10,15,20,25,26,38
1677,2,3,20,36,41,44
1678,2,20,23,30,36,42
1679,9,10,13,15,28,30
1680,2,9,17,18,21,26
1681,7,8,16,29,41,42
1682,2,15,25,29,32,42
1683,5,11,17,22,29,37
1684,2,6,13,14,22,27
1685,4,16,18,19,22,37
1686,22,25,29,30,31,33
1687,15,24,25,27,31,37
1688,8,21,24,35,41,44
1689,2,9,21,22,25,29
1690,1,13,18,20,22,44
1691,2,16,18,28,37,44
1692,5,9,14,15,19,25
1693,5,11,14,18,30,40
1694,8,9,13,23,32,41
1695,9,11,30,31,32,36
1696,9,23,25,36,37,40
1697,9,10,19,29,33,43
1698,3,5,16,18,20,21
1699,3,5,7,18,23,30
1700,1,18,22,25,27,41
1701,2,10,11,14,15,45
1702,9,17,30,38,41,43
1703,3,6,7,20,35,45
1704,24,27,28,33,34,38
1705,11,20,25,27,31,45
1706,7,8,14,15,18,41
1707,4,15,32,33,42,45
1708,17,23,37,38,40,45
1709,8,9,11,12,28,44
1710,22,26,34,39,44,45
1711,3,4,7,12,13,17
1712,9,17,21,30,39,43
1713,7,13,24,29,38,42
1714,4,6,18,31,37,39
1715,5,7,18,25,38,40
1716,9,11,18,25,31,39
1717,10,14,28,32,36,41
1718,16,27,29,33,36,43
1719,2,12,13,36,37,44
1720,2,14,19,37,44,45
1721,4,8,17,40,41,42
1722,2,3,17,27,28,45
1723,1,4,14,21,33,34
1724,1,5,11,14,22,33
1725,2,9,27,33,35,36
1726,2,3,6,8,15,41
1727,7,18,21,25,27,45
1728,2,5,6,10,14,45
1729,6,12,15,30,32,37
1730,7,16,25,27,28,45
1731,15,23,25,26,40,45
1732,5,14,17,23,29,40
1733,6,17,23,25,40,42
1734,2,7,8,23,36,40
1735,3,5,11,21,32,39
1736,6,21,30,36,38,42
1737,1,7,23,24,31,42
1738,13,20,25,32,39,42
1739,3,6,9,16,35,36
1740,5,8,17,25,34,36
1741,5,13,25,31,38,45
1742,5,7,11,28,30,40
1743,24,28,31,36,41,44
1744,1,2,10,19,24,38
1745,4,5,12,26,38,43
1746,6,10,15,25,30,40
1747,14,19,22,26,27,45
1748,2,6,22,31,33,35
1749,5,6,8,21,31,42
1750,3,5,26,39,40,42
1751,1,5,32,36,38,44
1752,19,23,26,31,33,42
1753,7,11,14,28,36,41
1754,2,6,12,24,26,39
1755,4,8,11,29,34,41
1756,1,6,11,19,32,38
1757,2,7,12,26,42,44
1758,9,11,18,21,37,45
1759,1,6,20,27,33,36
1760,1,8,17,23,30,38
1761,16,17,18,28,38,41
1762,2,3,14,17,22,28
1763,3,9,12,16,29,39
1764,8,29,30,36,37,40
1765,9,13,21,27,30,39
1766,4,5,7,24,26,35
1767,2,3,18,36,38,41
1768,3,13,17,26,35,42
1769,11,17,26,39,40,45
1770,7,10,12,26,39,43
1771,4,25,29,30,37,38
1772,7,19,21,28,34,42
1773,5,12,14,16,20,26
1774,1,12,16,31,36,39
1775,2,5,17,25,27,31
1776,3,5,11,30,34,37
1777,1,6,16,18,24,25
1778,5,23,24,26,38,43
1779,4,10,13,38,40,43
1780,7,8,20,22,31,43
1781,2,23,32,39,41,44
1782,10,13,15,26,30,39
1783,2,14,34,36,38,39
1784,4,13,14,27,41,45
1785,15,16,21,24,34,39
1786,1,12,17,18,23,28
1787,2,10,32,33,34,44
1788,3,12,14,27,34,41
1789,6,9,10,14,16,33
1790,2,14,28,30,31,42
1791,4,7,11,24,34,37
1792,1,9,15,18,31,44
1793,5,8,11,30,34,38
1794,7,10,21,24,42,43
1795,4,9,10,11,31,41
1796,3,9,20,34,36,43
1797,2,5,11,27,38,44
1798,5,7,15,16,22,25
1799,1,13,24,28,29,30
1800,4,6,12,18,25,39
1801,10,21,28,32,36,45
1802,6,20,25,29,42,44
1803,11,18,23,27,34,42
1804,5,13,16,33,42,43
1805,5,6,12,24,35,36
1806,19,26,33,34,36,43
1807,15,38,39,40,42,45
1808,1,10,18,25,30,38
1809,6,27,30,41,43,44
1810,19,26,30,31,32,37
1811,7,8,15,17,20,33
1812,6,13,15,17,22,28
1813,1,3,15,32,42,44
1814,3,4,13,23,24,26
1815,1,5,9,15,26,32
1816,5,6,15,23,26,29
1817,8,11,13,17,26,34
1818,7,10,26,28,39,44
1819,3,7,12,20,26,44
1820,5,7,22,23,27,42
1821,5,12,14,25,27,35
1822,2,3,5,17,25,35
1823,3,10,16,20,26,33
1824,7,18,22,29,44,45
1825,3,11,16,17,36,38
1826,2,9,27,32,43,45
1827,6,20,29,32,35,42
1828,6,19,20,26,41,42
1829,14,25,30,38,40,41
1830,20,26,31,35,36,37
1831,2,16,18,23,28,41
1832,4,8,10,12,33,43
1833,2,7,10,23,27,35
1834,9,17,22,40,42,45
1835,4,7,10,17,39,41
1836,1,24,25,27,34,42
1837,9,14,25,27,32,41
1838,8,14,20,31,37,41
1839,24,31,34,40,41,42
1840,8,11,21,35,36,42
1841,1,4,5,12,31,35
1842,3,6,8,12,17,44
1843,4,6,15,28,29,44
1844,3,16,21,27,33,43
1845,6,15,16,34,38,44
1846,10,21,23,25,27,34
1847,5,8,14,18,21,25
1848,18,20,21,24,31,39
1849,1,12,21,28,31,40
1850,3,11,13,21,26,41
1851,9,16,24,31,39,41
1852,14,16,19,29,36,44
1853,15,22,28,40,43,45
1854,2,20,21,27,32,40
1855,24,29,36,38,40,41
1856,2,3,7,8,31,32
1857,1,2,32,40,42,45
1858,1,11,30,32,35,45
1859,7,13,21,22,26,33
1860,1,3,4,17,22,43
1861,4,17,22,29,31,33
1862,2,6,20,32,37,38
1863,7,11,14,16,22,45
1864,8,9,20,40,42,43
1865,3,14,21,34,41,43
1866,1,17,18,24,37,40
1867,7,9,23,27,28,31
1868,5,10,14,27,38,42
1869,3,6,26,27,36,45
1870,3,8,25,29,36,37
1871,3,11,20,34,41,45
1872,11,15,20,28,29,31
1873,11,24,31,38,42,43
1874,3,11,19,26,38,41
1875,14,17,23,26,42,43
1876,13,16,19,26,40,43
1877,4,13,14,21,34,35
1878,6,9,23,30,41,43
1879,6,15,18,20,23,44
1880,5,6,12,13,18,40
1881,3,17,21,37,40,42
1882,8,9,10,21,28,44
1883,16,22,35,37,39,44
1884,4,8,19,21,31,34
1885,4,11,31,32,38,40
1886,4,5,35,38,40,41
1887,3,16,18,26,34,36
1888,6,13,26,27,42,44
1889,10,25,29,30,32,36
1890,4,22,27,36,37,38
1891,2,3,5,16,22,44
1892,1,2,13,16,26,27
1893,9,10,12,30,33,39
1894,1,9,11,26,33,43
1895,1,5,19,23,24,45
1896,13,23,29,30,33,45
1897,10,16,21,29,34,38
1898,5,13,18,19,29,42
1899,2,8,12,17,34,40
1900,3,7,27,36,41,42
1901,15,18,32,33,34,45
1902,3,21,25,27,30,31
1903,2,4,5,24,28,38
1904,6,8,13,40,41,44
1905,5,7,8,16,20,40
1906,10,15,24,32,33,45
1907,5,27,30,31,32,39
1908,9,10,15,19,33,44
1909,7,12,14,15,39,42
1910,8,14,15,32,33,44
1911,7,22,26,32,35,43
1912,8,14,20,23,27,35
1913,2,14,23,25,38,41
1914,8,9,11,15,25,43
1915,1,5,6,25,41,45
1916,5,6,14,16,30,31
1917,7,11,12,18,29,36
1918,6,16,27,29,39,42
1919,11,12,20,23,37,41
1920,4,13,23,24,28,29
1921,7,10,12,13,19,43
1922,2,8,18,24,29,36
1923,1,8,14,28,34,43
1924,4,14,22,25,41,45
1925,2,10,26,39,42,44
1926,4,10,15,25,38,40
1927,2,3,12,24,25,29
1928,6,8,22,25,35,38
1929,1,2,25,32,34,38
1930,13,19,27,28,35,40
1931,10,16,26,33,37,38
1932,1,15,20,25,35,36
1933,2,19,22,24,28,39
1934,1,6,12,16,28,38
1935,2,11,18,19,21,43
1936,8,19,27,33,37,40
1937,6,11,18,27,38,44
1938,1,15,28,30,33,35
1939,1,18,25,31,34,39
1940,20,30,32,35,42,43
1941,7,19,22,25,41,44
1942,2,6,19,22,27,43
1943,14,22,23,26,32,44
1944,4,5,6,13,17,31
1945,8,12,16,19,25,34
1946,9,12,18,20,25,32
1947,11,16,18,22,27,45
1948,3,18,22,24,33,45
1949,3,12,21,33,38,40
1950,4,8,11,23,35,41
1951,5,11,14,39,40,43
1952,7,8,11,20,25,39
1953,5,16,21,37,40,45
1954,2,15,19,22,28,43
1955,2,9,14,33,38,44
1956,9,10,27,29,30,44
1957,1,20,27,32,36,44
1958,12,22,24,25,39,45
1959,1,11,21,29,32,37
1960,6,24,38,41,42,43
1961,17,22,39,40,42,45
1962,6,14,22,23,27,43
1963,6,11,13,25,38,44
1964,1,21,25,29,30,35
1965,7,22,32,33,39,45
1966,6,7,8,17,24,26
1967,19,23,24,29,30,42
1968,12,19,20,30,32,40
1969,21,22,30,31,36,42
1970,9,16,27,35,43,44
1971,18,22,25,34,44,45
1972,2,8,17,20,31,40
1973,10,12,13,30,31,36
1974,12,17,21,27,32,33
1975,5,8,23,30,42,44
1976,3,16,18,24,26,41
1977,3,17,27,34,36,40
1978,14,18,19,24,31,42
1979,3,7,24,26,27,44
1980,8,24,25,33,41,43
1981,11,13,15,17,18,37
1982,10,12,14,15,24,32
1983,8,10,17,26,37,44
1984,8,13,22,36,37,40
1985,3,10,12,23,32,40
1986,3,7,11,26,35,37
1987,4,6,20,21,26,44
1988,6,16,22,29,32,38
1989,8,26,27,29,38,39
1990,4,19,25,33,39,41
1991,6,11,12,26,30,37
1992,5,6,12,19,23,29
1993,3,16,23,24,26,39
1994,5,16,25,26,27,29
1995,14,23,25,34,40,42
1996,4,5,10,14,27,35
1997,14,18,21,23,32,36
1998,20,22,27,38,39,44
1999,2,3,13,24,29,37
2000,5,8,13,18,28,36
